id,dataset,synthetic,endpoint_bool,tail_flatness,tail_centroid_hz,tail_rms
019ef7ab-7382-43f2-a03c-f29546612aae,liva_1,False,False,0.020024839788675308,1529.9637509057793,0.12820687890052795
010f1cdd-47ee-4482-a9cb-ba5f9fc7a41e,chirp3_1,True,False,0.01045004278421402,1418.9799217928278,0.10698768496513367
01a2f695-0fd3-47f9-a083-646329968a63,liva_1,False,True,0.041682641953229904,1720.6417568614088,0.09304836392402649
003ab093-41fd-4397-8434-8631150407f9,human_convcollector_1,False,False,0.027986306697130203,1741.450133651963,0.04231715574860573
0245a20e-59c4-4b9c-ac74-8a001f22a7e2,human_convcollector_1,False,False,0.02905815653502941,1714.9557636319528,0.149671271443367
00fe905d-6009-4bbb-a811-0bd4257225f3,chirp3_2,True,False,0.014470415189862251,1193.7188305496663,0.05915245786309242
0145abf7-8f03-4689-ba2a-04d39ba9ec8a,liva_1,False,True,0.020944705232977867,1332.0424410013648,0.04140997678041458
01e50f3a-5f4d-4e5a-8714-21ef5d8d7e5c,chirp3_2,True,False,0.0125802680850029,1208.710599653079,0.07337749004364014
005d15f2-6d6b-44e7-abc0-8c64f1a593a2,chirp3_1,True,False,0.0026058044750243425,637.7618988468217,0.059869855642318726
025aa3d2-ca04-4b53-a27b-31b166097fac,chirp3_1,True,True,0.03128450736403465,1661.2123014999456,0.08178668469190598
020a0088-23fd-4d3a-a8e3-a96b35af7873,chirp3_2,True,False,0.00269300676882267,698.0574341117422,0.1550852507352829
000dae9f-157b-47af-a27d-012c99cc71cb,chirp3_1,True,False,0.059147197753190994,1771.6738641921709,0.09191395342350006
00923100-6c76-432d-9471-0373fcb2b823,chirp3_2,True,False,0.015328922308981419,1393.2343698079983,0.09017039835453033
019779aa-12da-488c-976a-8330e92a594b,chirp3_1,True,True,0.0245702862739563,1675.6067209158687,0.06778073310852051
02856793-d72c-4e1c-88e5-0e6a8ed9daa3,chirp3_1,True,False,0.007979259826242924,1137.2038398762124,0.06876042485237122
00cd00b4-8f0d-46b3-8a66-f9793467943f,chirp3_1,True,True,0.003178805811330676,1086.9167508952426,0.07904109358787537
00f44481-57f3-4dab-8387-850b84d40ec4,chirp3_2,True,False,0.006308204960078001,930.7684349627542,0.05091666430234909
006d8994-65ab-490f-9e19-97dc778e4d4c,mundo_1,False,False,0.01626983843743801,1629.0199838903375,0.1960168331861496
027e2e0e-a3aa-4cd8-ad54-656b38ea5994,chirp3_1,True,False,0.0072109997272491455,969.4821253963457,0.049751706421375275
0250e41f-d8e6-477a-a9c1-96894ace4ecf,chirp3_1,True,True,0.00778851518407464,1315.9323633589145,0.06574340164661407
000c603d-df2b-42ec-8b63-11ffd5dd9309,chirp3_1,True,True,0.04423459246754646,1623.470181679237,0.09407390654087067
0043c465-71a9-488e-bb23-0db84b5330e6,chirp3_1,True,True,0.027735911309719086,2255.249039303266,0.13460516929626465
00d051b8-632d-415c-b3ca-3581e5b9941e,chirp3_2,True,False,0.05633077025413513,2393.9401242423974,0.05493394285440445
01dfc87a-72b1-43c4-b603-ba48bcc59cfb,midcentury_1,False,True,0.06717347353696823,2153.0725208187837,0.01867399550974369
013c4203-4f45-44f5-a719-ff36a1a76cb2,chirp3_1,True,True,0.028966514393687248,1892.6095725619812,0.0611802376806736
029c15b4-3479-49ed-9e39-19444abf573f,chirp3_1,True,False,0.0019414190901443362,1169.141749161715,0.1376054286956787
0261f521-af5a-4b58-96d7-23f20c9d6976,chirp3_1,True,False,0.013925135135650635,1204.1390753058674,0.14181245863437653
0115acb5-eb13-4e28-9b58-d2f92be51060,chirp3_1,True,False,0.011884024366736412,1258.115825324924,0.051135946065187454
004557da-dfa3-4a0d-b719-c0539b529b60,chirp3_2,True,True,0.009064655750989914,1247.117525892749,0.05772024765610695
0119a346-2a85-4d29-905d-8708e2ced7ab,liva_1,False,True,0.019655222073197365,1158.443814115063,0.04006599634885788
00e6f443-20e6-49f7-a95d-aeb85b96364b,chirp3_1,True,True,0.051826685667037964,2134.0900211123353,0.042204003781080246
018192be-bc3c-43cb-bb5f-bcc9c9ea83a2,chirp3_1,True,True,0.030525272712111473,1710.718654555034,0.11103574186563492
00aa4a1c-6e26-4611-8997-1b4663c4ae3c,chirp3_1,True,False,0.020323269069194794,1340.7651885581529,0.07819113880395889
02923e35-8c7b-4e63-8fdf-cbc618f6c7e3,chirp3_2,True,True,0.023973556235432625,1482.7758119690627,0.10311613231897354
0044a2d2-abb1-4f2e-b347-052e7c70e763,chirp3_1,True,True,0.055101893842220306,2257.905451996544,0.06868629157543182
00b3e097-e277-4bb6-8d76-ce4e7e052c22,chirp3_1,True,True,0.08968667685985565,2065.500118036222,0.06883600354194641
01ebd76f-e492-4b07-a6b3-3bbab905926a,chirp3_2,True,True,0.05525757372379303,1780.0270311343133,0.08792143315076828
004a8f5d-3fce-4f52-a086-fe8df18935a0,chirp3_2,True,False,0.004099941346794367,854.1632553924475,0.08211052417755127
0045fc3c-9690-486b-a1e0-cf27447be0a7,chirp3_2,True,False,0.003550013992935419,898.657447483461,0.2039801925420761
0129ef97-5003-4c7e-82d9-94ce98bda5e2,chirp3_2,True,True,0.007184377405792475,1312.0731298977187,0.07902603596448898
002d2cb8-c567-4e5a-ac0f-8242f0afd710,chirp3_1,True,True,0.0013717802939936519,748.8565429840926,0.06617510318756104
00101864-980c-434d-a956-cac9430fe3ee,chirp3_1,True,True,0.014212250709533691,1340.2033625291192,0.14895693957805634
00598e66-95f5-4406-8df9-5ed4df729e12,liva_1,False,True,0.02138151414692402,1371.9234255340482,0.05143015831708908
00a5ca28-1df4-4c7c-81af-13fb49472f38,chirp3_1,True,True,0.01278703659772873,1231.0722511784845,0.11740512400865555
016c70e1-6bf2-4a88-9ab1-7082fab8bc8a,chirp3_1,True,False,0.0031061926856637,980.1579150530023,0.052409615367650986
01645fd5-c912-4259-824c-55ead74e96e9,chirp3_2,True,False,0.027719413861632347,1491.1486194185447,0.15321817994117737
02350c13-89bf-4986-b62c-d996819c64e4,chirp3_1,True,False,0.016554594039916992,1533.7124243512458,0.15074118971824646
00042d88-194b-4dd9-b57b-ff58195704c3,chirp3_1,True,False,0.052014999091625214,1755.0917834073005,0.07301919162273407
0257540e-3fa2-4b7c-baae-9174a2534ba3,chirp3_1,True,False,0.016379235312342644,1440.4260847732573,0.10689686238765717
0171f57b-8817-45a5-b930-a021dde92674,human_5,False,True,0.08601333945989609,2128.0000452166705,0.07786687463521957
00f968ac-a79b-4e72-b0bf-50373b7ed6dd,midcentury_1,False,True,0.09290751069784164,1997.6631180389247,0.010737881995737553
01e4eef1-e80b-409c-99f9-0a858731a108,chirp3_2,True,True,0.038996849209070206,1564.8629873815783,0.09947221726179123
002f3b1e-f140-4525-a99f-afb126b5c585,chirp3_1,True,False,0.02610543742775917,1557.391329334604,0.10536520928144455
0231c1eb-1723-48d9-ace5-8c589d5edbbe,chirp3_1,True,True,0.033891335129737854,1461.2072751107721,0.05226646363735199
0023ce91-cb5b-4ea8-b85a-3fd261b770af,chirp3_1,True,False,0.003996298182755709,1109.8871996479197,0.0948575958609581
029d679f-4723-4914-9f80-fbe44cc9a165,liva_1,False,False,0.0012582510244101286,913.8633643186229,0.1270909607410431
013beb99-c5ae-4eaa-998a-c79cec3e3379,chirp3_2,True,True,0.004498051013797522,891.0695818110647,0.13550078868865967
00b1c79f-948d-43f7-92f3-1f905f4a54ec,chirp3_2,True,True,0.022961558774113655,1797.332936665173,0.0460304319858551
02731bb3-4e1d-4a1e-a6ac-f4703234d846,chirp3_2,True,True,0.036692097783088684,1560.2845917979753,0.05432553216814995
00e47797-38aa-44c7-af6c-2d45bf10791c,chirp3_1,True,True,0.0017868329305201769,779.4650312489175,0.06552328169345856
00a33715-b59b-46ae-9752-5322c366f3e9,chirp3_2,True,False,0.02321012131869793,1423.7975510618553,0.13074950873851776
008af21e-7c37-4e2a-b614-ef788b65c6f2,midcentury_1,False,False,0.016086861491203308,1381.6592931574685,0.06984258443117142
00c01ea3-db80-40b5-ba36-dc54d3e16ee8,chirp3_2,True,True,0.005109187215566635,1016.7087259934159,0.1011652871966362
003c6cfb-ce61-4041-9797-2a5c01a960c8,chirp3_2,True,False,0.05262824520468712,2122.470681440914,0.09560888260602951
000dae34-596a-4958-9eda-c69f90369ca1,chirp3_2,True,True,0.012893463484942913,1560.766022102993,0.08571185171604156
01108853-6117-42ce-b3db-14a60bc0e10a,chirp3_1,True,True,0.03603145480155945,1780.5758325306558,0.0625869408249855
0122e751-9406-46f2-9c31-517122229841,liva_1,False,True,0.05633830651640892,1736.6867969942552,0.0889514833688736
015a737d-bcc9-4ca3-810b-df2722bfe288,chirp3_1,True,True,0.02114882692694664,1406.370765753946,0.08292137086391449
016c5fc6-01e1-4c8c-9281-e4e0c3f30119,chirp3_1,True,True,0.019675664603710175,1615.7975957069714,0.052223023027181625
00792021-bf05-4ef5-8389-8fed86c5de4f,chirp3_1,True,True,0.03466440364718437,1499.205407179403,0.08677500486373901
0188e45a-5920-4668-8b73-6402ae50288c,liva_1,False,False,0.005252749193459749,1203.0949113685149,0.02152576856315136
026f3f68-5e2f-46f3-b33c-68cb784188ae,chirp3_1,True,True,0.03211890533566475,1602.701655082584,0.10023391246795654
027faea2-5863-4f5f-841f-bdf90c7af57d,chirp3_1,True,True,0.01619953103363514,1177.502353016482,0.12237504869699478
01b9c5c7-b6e0-4cc3-b9f1-0e495a9380fd,chirp3_2,True,False,0.0034534090664237738,1039.487700644196,0.07268258929252625
001b5d4d-c0ae-4259-85bf-bf41be3a31a7,chirp3_2,True,True,0.00616626488044858,1070.8761592791027,0.10147420316934586
009e624b-4333-48c5-b4f2-249a24c34ce4,liva_1,False,False,0.024802062660455704,1531.6209984020243,0.04430066794157028
0218dc5f-6ff7-4005-aa2e-a38249f54575,chirp3_1,True,True,0.013728071004152298,1337.6649643029887,0.11042369902133942
027bd46f-e84b-41b0-9cdf-3feb586c4379,chirp3_1,True,False,0.0022299292031675577,1058.899750823321,0.17056189477443695
020c0a37-798d-4316-a3c1-07875c23a3a7,chirp3_1,True,False,0.01315208338201046,1315.5214958055426,0.06890988349914551
0240e6f2-bbcf-45ca-b78e-958e1fc015ec,chirp3_1,True,False,0.02802872098982334,1612.4717193604238,0.08794378489255905
01a90ae2-83c2-40ac-ae9c-881bd828061c,chirp3_2,True,False,0.026879658922553062,1175.8778029848638,0.07039476186037064
01a6a56b-632c-4af8-a78a-103ecbbbb01a,chirp3_1,True,False,0.0342978797852993,1806.3141517307715,0.0763096809387207
00b5b657-3c49-42a8-818c-f41d507f4d8c,chirp3_2,True,True,0.01669851318001747,1217.7781435119505,0.11269449442625046
01a3baea-25bb-4988-a1da-e9e07e35a7ba,chirp3_1,True,True,0.046791695058345795,2144.8848732044817,0.057573094964027405
01cca531-aa0f-4273-8ebb-2845f6fb312e,chirp3_1,True,False,0.010888676159083843,1186.0371020106008,0.1405256688594818
00220949-6595-4ca7-9e8d-aa0ee7f8158d,chirp3_1,True,False,0.04442407190799713,1782.3311675245552,0.08349145948886871
024ba77c-195d-4764-86be-4a59bdff62f6,chirp3_1,True,True,0.06694100052118301,1999.0833943580194,0.11831297725439072
01335b18-439d-43bc-8ede-c18201c65c61,liva_1,False,False,0.01283689308911562,1182.2480398615119,0.11049626767635345
02402168-b734-427b-8036-359410f36a8b,chirp3_1,True,True,0.10661725699901581,2457.032407003669,0.06715600192546844
0297af96-6096-41c0-9c53-e30ba540f551,chirp3_1,True,True,0.08358384668827057,1887.0227373669627,0.08257134258747101
004a651d-38cd-44a2-9a23-befa3b90b794,liva_1,False,True,0.01642676070332527,1277.798768700749,0.06965392827987671
01215b4d-87da-4813-a0a0-91cfdec369bf,chirp3_2,True,True,0.030532417818903923,1732.0684690371086,0.06289255619049072
0230ec67-f2d4-469b-b3f9-b506e85ab35a,chirp3_2,True,True,0.012961753644049168,1329.9384622514926,0.11239118874073029
01229320-c75f-4785-a3c8-8577da8fa14e,chirp3_2,True,True,0.007766437251120806,1057.4944805549835,0.07634205371141434
0196e294-fd84-4a66-8307-a3af8e642a10,orpheus_grammar_1,True,True,0.02129592001438141,1301.8417753493409,0.11152089387178421
005defc6-afd5-4152-97f3-ee455adb4d32,chirp3_1,True,True,0.007794248405843973,1078.8502568173499,0.043252941220998764
026896af-f245-41ba-afcf-f57f2a38b01f,chirp3_2,True,False,0.04790165275335312,2078.0264886239925,0.15443460643291473
0211240b-7134-4b2d-9653-c73d8205415c,liva_1,False,False,0.007368845399469137,1221.8408058026114,0.05304579436779022
0028d0f3-7eae-4864-b965-352c0022943b,chirp3_1,True,True,0.02395535632967949,1441.5328648273558,0.046923499554395676
019048aa-6015-452e-a78c-79e1c6dd6e0e,chirp3_2,True,False,0.0009155885200016201,725.2815701390786,0.10940363258123398
01f2615c-2b26-483e-99ae-f66fcb8f6458,rime_2,True,True,0.006058143451809883,1010.5882344944686,0.036281127482652664
000c8197-2d2d-4c62-a75e-816960e38c94,chirp3_1,True,True,0.06320537626743317,1909.106030736089,0.03986335173249245
009cfd51-f8fd-4a4b-8a1f-4a82d49091a8,chirp3_2,True,False,0.002796424087136984,878.3614238652348,0.09223130345344543
0173c3d3-7dac-4455-97db-f323abe3c67f,chirp3_1,True,True,0.02191188372671604,1393.1211360431585,0.04589676856994629
011705bf-e109-47bc-b97a-f119e8a97fd7,chirp3_3_short,True,False,0.008446072228252888,1374.4707313665076,0.0345766618847847
00c3b9a7-fd9d-4d32-90ac-046d480c3743,chirp3_1,True,True,0.007328804116696119,1147.8596413954247,0.07061760127544403
01c42eef-cd54-46be-84cf-946549e2a8f6,chirp3_2,True,False,0.04743058234453201,1939.270674148908,0.08007508516311646
004c384b-6753-41a1-b4ee-d4ecd4595ef6,chirp3_1,True,True,0.0414748340845108,1745.0190392377601,0.0964033380150795
0018761e-31b5-4bc1-a3b0-70f5d45af5f2,chirp3_2,True,False,0.05120684206485748,1593.8516128150427,0.04623626917600632
017bfcad-d4a7-4f90-9e28-f0b2b455390f,chirp3_2,True,True,0.015128469094634056,1282.5622482719623,0.07287368923425674
02b383a5-0096-48f9-831c-890fe9e99dab,chirp3_1,True,False,0.006998733151704073,1186.5904376020358,0.09656859189271927
0074bf57-fb62-4a49-b9fc-a352b7ca846b,chirp3_1,True,True,0.04005888104438782,1616.71372468157,0.05203304439783096
029e7f7e-3fdd-404f-b6f7-d08de87f3592,rime_2,True,True,0.01481456495821476,1304.3620119931877,0.02057136781513691
01d7e852-ab90-4600-a23e-b64a0c730d43,chirp3_1,True,True,0.034254733473062515,1926.2836156634128,0.0545726977288723
00727f75-e8c3-4a1e-b52d-13be0dc0fc63,chirp3_1,True,False,0.049298591911792755,1637.6001896129467,0.10276471078395844
01e906d9-00e7-4329-89ff-343e2fa29868,liva_1,False,True,0.02163318544626236,1377.36207449392,0.10324195772409439
00006fe3-5331-4db2-b30e-65affe00cfbe,chirp3_1,True,True,0.02338782697916031,1549.0752710336426,0.08975734561681747
004903c2-adb1-41c4-8b10-5f54307dec7c,chirp3_2,True,True,0.013088436797261238,1434.401955432119,0.11537855118513107
01235fd5-938d-48df-8dc9-0964da9ce83b,chirp3_2,True,True,0.004164057783782482,874.8050891467033,0.08468899875879288
01bec651-9ddd-41b1-b875-6092e3c22c0e,chirp3_2,True,False,0.028220295906066895,1203.7158886230732,0.07599944621324539
02aeb14e-3c2e-4dc0-99ca-a6286fdaf22c,chirp3_1,True,False,0.005641381721943617,1133.0676905912242,0.03289569914340973
012f23ec-8b98-464e-9200-8d6de960d39c,chirp3_1,True,False,0.01329024787992239,1163.3070347696614,0.11422992497682571
00ac8676-df4e-49a8-bb63-67b5afbad771,chirp3_2,True,True,0.044047512114048004,1561.1069792898827,0.04082311689853668
0199b4db-5fca-4ded-a621-c5f12f604309,chirp3_2,True,True,0.0036718284245580435,905.0534232891118,0.04216735064983368
0111f9e0-7b3a-47c8-a419-3d2d508c3419,chirp3_1,True,False,0.0034678797237575054,1494.214931260808,0.1780404895544052
01f1e4d8-6344-410c-8c30-f71269361335,chirp3_1,True,True,0.03662378340959549,1340.7468805693686,0.06765619665384293
01c93ccc-7558-4813-8d10-cad32711ea31,chirp3_1,True,True,0.03299884498119354,1414.8821308251195,0.06394090503454208
00c87dda-f30a-4e24-bfc3-d67b2f469ffb,chirp3_1,True,False,0.00683391559869051,1075.5419019216574,0.09737373143434525
00aef58d-a0fd-4a0a-a444-9487e75e9ad7,chirp3_2,True,False,0.0233074389398098,1920.0729811248234,0.09514008462429047
00d38fd1-8ed1-4302-b3e5-5e79e3358c7a,chirp3_1,True,True,0.0376981757581234,1710.8195151274215,0.06646734476089478
0224569e-848e-417b-af01-b38aa2f94d17,chirp3_1,True,False,0.030332719907164574,1497.9885938545742,0.10509423166513443
013efbe5-0eaa-4c91-9746-3512946b2ffa,chirp3_2,True,False,0.07394380867481232,2499.557424757904,0.0708724707365036
01a26940-5322-4900-aeda-bc945f95e56e,chirp3_1,True,True,0.016375193372368813,1232.5185411206514,0.05011332780122757
019ed04e-ca70-49d8-a4aa-5a70c1ba7745,orpheus_midfiller_1,True,True,0.03143034130334854,2856.8966785413504,0.09863217175006866
00d3c095-0018-4391-bd2d-6e42b8bb3c37,chirp3_2,True,False,0.01868499629199505,1360.5002926572877,0.11841120570898056
00626d08-cfda-4408-a665-e39b8d6b944c,chirp3_1,True,False,0.007172006648033857,1130.5307176445356,0.1272314339876175
002e38b4-3489-42a3-b0be-836d0362d319,chirp3_1,True,False,0.004409907851368189,1168.5632645390367,0.07134205847978592
019751ab-87cd-4962-aa1b-89a58f522cc6,chirp3_1,True,True,0.0288433525711298,1705.2948662244667,0.049062129110097885
00f2b1f0-7ab2-4c68-bf91-01654ec58620,chirp3_1,True,True,0.04014341160655022,1655.6431183000923,0.06235046312212944
021b96ba-fae5-4d81-aaf6-2ffb62ae8270,chirp3_1,True,True,0.024330556392669678,1696.0835819896054,0.1252288669347763
024ccaa9-2473-43cd-803b-d76a9d33a9de,chirp3_2,True,True,0.02898883819580078,1379.4021318838752,0.05847906693816185
012289f1-5827-47c6-97bf-f79c20634944,chirp3_2,True,False,0.02898654155433178,1454.0442103818614,0.1085096150636673
021779fd-1bef-401a-8370-093e9f549341,chirp3_1,True,True,0.006312951911240816,1088.6857584160537,0.04303034394979477
0285a309-ce45-4138-8c83-a20f8210cc40,chirp3_1,True,False,0.04859547317028046,2168.8559383534575,0.10529551655054092
01ff3598-77ce-460b-af9b-1b1d613851b4,liva_1,False,True,0.044493671506643295,1654.0459637427177,0.06636719405651093
0067288c-9e41-47f8-8073-9c9405f64254,orpheus_midfiller_1,True,True,0.12522825598716736,2009.7582041771002,0.11778269708156586
01f070d1-c80c-440e-a798-801585c8c862,chirp3_2,True,True,0.003266522428020835,1091.6447425334293,0.06852385401725769
02236339-7d2d-46ce-a32c-94bd745a1ce5,chirp3_1,True,True,0.0377424918115139,1640.8175582388455,0.1017332673072815
01d04068-5678-4c59-99de-87058de6d9f0,chirp3_1,True,True,0.09439753741025925,2613.8901736177604,0.052722055464982986
003d3882-0f37-480f-8536-ae0d4a9d9fa1,chirp3_1,True,False,0.041778795421123505,1990.4181585226333,0.09802882373332977
01a8d8b8-3256-4097-bb83-74e75433b86d,chirp3_1,True,False,0.023250440135598183,1495.0508143178552,0.07781927287578583
02a3850f-6946-4e5c-9d20-e49e15ce0c9b,chirp3_1,True,False,0.009680456481873989,1215.6313339033313,0.12098801881074905
00dcb7a6-3640-4eda-a382-6a7c5f1706cd,chirp3_1,True,True,0.02425980567932129,1511.6292417339964,0.06366816908121109
01f07f40-abc9-4fc7-8d11-5623767929e8,chirp3_1,True,False,0.005836461670696735,995.9928699244628,0.12718363106250763
0050b4ad-150e-40b8-8447-8304a66f6691,chirp3_1,True,False,0.021205084398388863,1296.6669745377146,0.12436440587043762
01b1527e-26e8-406d-8f22-b76e4a8b59c8,chirp3_1,True,True,0.005877301562577486,1114.1868611963846,0.06435012817382812
002b5e69-534b-439a-a1a4-d98ff64167bf,chirp3_1,True,False,0.023906590417027473,1594.6807733957728,0.04828773811459541
027f14af-336a-45af-abe9-e09467fec456,chirp3_2,True,False,0.02133772522211075,1505.4304892847736,0.07840841263532639
017545ce-3768-4ad0-bc3c-a1a6988447e4,chirp3_1,True,True,0.0544244647026062,2369.811634229156,0.10611676424741745
02813d7d-bd50-450b-b263-534e2a062630,chirp3_2,True,True,0.0489041768014431,2117.6805694736836,0.07362236082553864
018b06f8-0f8a-46c9-aa11-288a46a53d1e,chirp3_1,True,True,0.03648184612393379,2247.320969692663,0.056342724710702896
01ac90bc-fdcd-4ec3-99b2-bc287ab50b7e,chirp3_2,True,False,0.03154030442237854,1416.5444587083073,0.09108749032020569
0039606c-966e-4ac9-89aa-e08d00efff9c,chirp3_1,True,True,0.13045461475849152,2611.1045893308396,0.04904620349407196
0080d20c-c891-4172-bf68-b1b331d6c9f5,chirp3_2,True,True,0.006804206408560276,1125.270263872852,0.07476270943880081
0195decf-fb53-43bc-99be-299fbeea823a,liva_1,False,False,0.011812981218099594,1333.966718352298,0.0642460361123085
013cf93d-0c3c-4c4f-a1bb-7805174ddf04,chirp3_2,True,True,0.029019461944699287,1496.1087685163545,0.11687265336513519
00110ec2-e20d-4af9-9d61-f10b798fbdd3,chirp3_1,True,True,0.03519430384039879,2149.3938009838794,0.07167244702577591
026518e5-69f5-4521-a75a-68c7bcca94bc,chirp3_2,True,True,0.004988106433302164,1066.005171725257,0.07947386801242828
020f3789-8ce3-4bae-b060-ef4bc0bed035,liva_1,False,True,0.0019797291606664658,831.9616921803039,0.06410649418830872
007b9ecd-ce91-49b0-9aa3-9ee9ab1f985a,chirp3_2,True,False,0.016063721850514412,1204.4847525780863,0.1028987467288971
029655ee-efed-44ef-a2e3-9f65fd55aef2,chirp3_1,True,True,0.004151142202317715,1036.8983147587132,0.12658090889453888
0278b6e2-8298-4260-977c-3bb837c1374a,liva_1,False,False,0.00809916015714407,1058.512318055551,0.06585092097520828
015c59cc-f2cc-4354-8d31-0dea39c029de,chirp3_1,True,False,0.01992485299706459,1222.8567016833651,0.1467745155096054
00aead23-0814-4c29-b03b-f865e54b1496,chirp3_1,True,True,0.014303718693554401,1191.1790910508082,0.07521603256464005
02802a43-c325-4b11-b76e-aa33db5601f6,rime_2,True,False,0.0038102015387266874,1345.5217591685912,0.009516059421002865
0113c338-4fc2-4285-bb91-57d5445c4217,chirp3_2,True,False,0.00046236050548031926,782.9578221363791,0.15408693253993988
0205a110-448b-49be-a4c6-407a297c9c3c,chirp3_1,True,True,0.030286656692624092,1755.8853041701482,0.04102582857012749
019de711-d2bd-4541-804d-7d02d0fd47fd,chirp3_1,True,True,0.009464327245950699,1223.7410060011612,0.09427708387374878
007c6ab7-068b-4eeb-850c-19ebdbb1e175,chirp3_1,True,True,0.04499151557683945,1987.8813515702248,0.08298687636852264
0194a55e-7a29-4ef0-a26e-398c79311c12,chirp3_1,True,True,0.023141205310821533,1405.1156013600912,0.06203727424144745
006b1cb2-a7ab-4e57-8a8b-f0628d50b1a6,chirp3_2,True,False,0.005705192219465971,1207.3321176289164,0.10074210911989212
02728141-af58-4920-ac2c-907afc7a3e87,chirp3_2,True,False,0.026601603254675865,1667.7152780193544,0.0801052525639534
01a867ac-04d8-4f75-bf0f-d50b14c18f00,chirp3_1,True,True,0.016201244667172432,1564.4258090063815,0.10070504248142242
02949e27-7d1b-4316-81e2-fe0a2ff626b8,chirp3_1,True,True,0.006913414690643549,1195.9729196852861,0.05440099164843559
001fda21-4f14-46f1-a7a8-0c3c679e9916,chirp3_2,True,True,0.01889188587665558,1353.9699468406698,0.10514827072620392
002a51ad-2b93-4e1d-b475-37fb3f2cad1f,chirp3_1,True,False,0.00182474369648844,854.8664299233451,0.07758180052042007
002c9a6f-5775-44df-89ea-3abf9bf32e9c,midcentury_1,False,False,0.030463816598057747,1846.9253380146633,0.09033023566007614
0214a4ff-3cf1-4956-b6cb-eaffa355cdef,chirp3_1,True,False,0.020380811765789986,1441.5467454885752,0.09332908689975739
014c64b9-ef6b-485f-8d20-756a3e4815c8,chirp3_2,True,False,0.030979925766587257,2018.1893341278105,0.07381661236286163
0188b5a8-7966-4a90-9b5a-2aa6595670f2,chirp3_2,True,False,0.010390151292085648,1272.8466071033993,0.11958703398704529
00a8509d-8722-45d2-8f71-a3f8f879af54,chirp3_1,True,True,0.026671970263123512,1449.5304846738863,0.061190053820610046
00ebdca2-68fc-4c48-b70c-1b2141daf60f,chirp3_1,True,True,0.010275707580149174,1196.7271790250386,0.08072121441364288
01c45dd5-5e3f-48ca-8a1a-e528bd0d0e64,chirp3_2,True,True,0.06229288503527641,2541.5143663834897,0.08938371390104294
006e51e1-adaa-4afc-b0c0-7e17defc0359,chirp3_1,True,True,0.034962888807058334,1755.8259431846689,0.09060647338628769
00ead498-0945-49b7-bd2c-191e79cbe355,midcentury_1,False,False,0.020196137949824333,1373.405662701538,0.05920714884996414
0261745e-78bd-44d3-ac4f-038fc5997874,liva_1,False,False,0.00358546688221395,1149.13673891994,0.03420839458703995
00547fa8-218e-4b26-a63d-e0996dc616a1,chirp3_2,True,True,0.0026838991325348616,849.3785954837895,0.042481232434511185
024afde9-925a-43a4-8f80-39bd9399c753,chirp3_2,True,True,0.011715917848050594,1150.3010105231615,0.09094879031181335
00c06535-c8e0-4272-9394-a069fd2a575f,chirp3_1,True,False,0.003834666684269905,1122.6439942184056,0.06301835179328918
003ad086-f481-49d5-90a3-bfb1cf4347e7,chirp3_2,True,False,0.03312572464346886,1647.6686457911765,0.10127883404493332
01150b38-baff-492f-b76a-b7456f588b52,chirp3_2,True,False,0.00397222675383091,1017.4242346352374,0.10771390050649643
01c93f5a-7a82-4e89-8217-134bde03692e,chirp3_1,True,True,0.02975975163280964,1364.951081059549,0.0707087367773056
0031982f-c6bc-44b0-82b6-949b2051e8e7,chirp3_2,True,True,0.018023014068603516,1441.7287662751496,0.04158712923526764
02754c47-27c1-49a8-82cf-4931db052931,chirp3_1,True,True,0.061890169978141785,1846.0858812092906,0.10397549718618393
01c06646-cf7f-42d1-8ece-82286aa28e4d,chirp3_1,True,False,0.04980261251330376,1982.9453118396777,0.11801162362098694
013cd712-4f2b-4f83-ad1a-0e3297ea0ee3,chirp3_2,True,False,0.017640220001339912,1477.6339189764287,0.1008133515715599
01ede51a-ffbf-47df-9e35-9c91a61736c0,chirp3_1,True,True,0.01228999625891447,1176.8696158150865,0.0726628229022026
01ee7b0c-516f-4fd5-8e76-111901befad5,chirp3_1,True,True,0.0487360954284668,1606.0735223658357,0.13535380363464355
00835959-f165-4d31-a34f-2d64811472fc,chirp3_2,True,False,0.00041302022873423994,868.9143908256343,0.15090321004390717
01f9e02e-f952-458f-91cb-412fa913065c,chirp3_1,True,True,0.028080077841877937,1449.5665414198613,0.13246600329875946
01e216d0-193d-40c3-9085-3c51377a1ec6,chirp3_1,True,True,0.0076726991683244705,1005.8145719481012,0.16447773575782776
018b93d4-bb9c-4c0c-8433-ec4de4d722f3,chirp3_2,True,True,0.013947647996246815,1380.932824105274,0.12704673409461975
012170db-cbc5-478a-adf1-f374ea1f041e,chirp3_1,True,False,0.02084221877157688,1152.3997191665262,0.1442558914422989
01e633ed-399d-4248-a84e-b5b277fe20da,liva_1,False,False,0.06436562538146973,2395.939442947389,0.07623739540576935
00b6c2d0-fd97-4467-98f6-da9b346d9256,chirp3_1,True,False,0.030771303921937943,1843.1366175520493,0.15644249320030212
00146e47-2ab2-47be-8d83-375774491f94,chirp3_2,True,False,0.006122814957052469,1173.1754185952045,0.09069246798753738
00084e3c-d246-4afb-8571-775197821c2d,chirp3_2,True,False,0.00681793550029397,1017.6235288158556,0.10106704384088516
005d9db5-18a4-4ed6-85b0-c85985716b49,chirp3_1,True,False,0.03592299297451973,1897.2602374965688,0.0926622822880745
019fcc3f-e5f9-4671-97d6-ac2b3953770f,chirp3_1,True,False,0.04923020303249359,2089.5385890145603,0.10725714266300201
01fcadab-36e1-4e3f-92f5-529bd20704e9,chirp3_1,True,False,0.04218094423413277,2141.883335879471,0.06148781627416611
012fdde7-9cdd-4197-bcfa-3bf396ef0b8e,chirp3_2,True,False,0.020439280197024345,1117.7619527454651,0.12127161771059036
01694a97-5fd8-4002-9c53-23d2b4916460,chirp3_1,True,False,0.010601572692394257,1114.3211890284936,0.04414995387196541
00b42660-932a-42f0-ab3e-03f78127279f,chirp3_1,True,False,0.03730728477239609,1397.8730704037446,0.08768182247877121
02b3e685-2758-4411-8b8a-e3927517e6a1,chirp3_1,True,True,0.04403930529952049,1449.041355064491,0.05086785554885864
0145fcbd-70c2-4329-944e-923207399b84,chirp3_2,True,False,0.0012232757871970534,743.3512808729931,0.07962361723184586
00690aaa-f9e8-403e-8f84-273323d1d8d1,chirp3_1,True,False,0.0016012134728953242,873.8588961298807,0.12063350528478622
0021562c-a4da-41e1-9166-6b24d33cf3b1,chirp3_1,True,False,0.05814807862043381,1716.0952241942762,0.09552119672298431
0201872c-3ad3-425d-ab66-61a0fb1c6edb,chirp3_1,True,True,0.017438039183616638,1216.8426349016024,0.07233626395463943
00ea7bb1-267f-451a-ba50-0219197ce6db,chirp3_1,True,False,0.01071108691394329,1107.4689067954425,0.13920877873897552
0016253d-64fd-485d-bb96-eecdd22c69df,chirp3_1,True,True,0.004255272448062897,866.8739401601397,0.1687990427017212
014ed4ed-3514-4936-9273-0c6f5e36e97a,chirp3_1,True,True,0.047608520835638046,1873.2576011910508,0.04035582393407822
01a6dc72-eade-4bf1-a8cc-3086c298daaf,chirp3_1,True,False,0.012551958672702312,1129.1558986857192,0.06028491631150246
0259ef96-1648-4702-85b2-b32675ca9dc5,orpheus_endfiller_1,True,True,0.01078454777598381,1277.2531695288953,0.13688412308692932
003ac4de-a31a-4615-89df-2afc538a2373,chirp3_1,True,False,0.012941394001245499,1200.3623994148675,0.15391546487808228
008a64a0-976a-4fa0-ac0e-b03f7e59dd76,chirp3_2,True,False,0.04093068838119507,1927.2865354265887,0.1111406609416008
00ee8884-f917-4cdb-87e4-edd7da3b8955,orpheus_grammar_1,True,False,0.032164063304662704,1490.1254229278118,0.04708002880215645
0083c402-060c-45bb-9806-8f986b050a23,chirp3_2,True,True,0.006139617413282394,884.6477038903153,0.05754423886537552
0191cb18-779c-4d6b-b842-062ff989fe24,chirp3_2,True,True,0.0025073864962905645,1128.8589460154915,0.07249192148447037
024fe520-2a8e-481e-8755-ae8f39a02f71,chirp3_1,True,False,0.01113961823284626,1156.5006702386083,0.11534209549427032
00c3206b-b3a5-4418-9d39-a9aa959b6be7,chirp3_1,True,False,0.032682403922080994,1449.424596513684,0.07593319565057755
023f379c-2601-4890-bf15-f29fdb25a442,chirp3_1,True,True,0.00792611576616764,1115.3201526945588,0.08874283730983734
00bb44fc-5ba9-41e8-b8fe-0c70dffda2e8,chirp3_1,True,True,0.011361313052475452,1191.6273351125783,0.04834263026714325
01d45959-64a7-462a-81be-b24646c995f7,rime_2,True,True,0.018898477777838707,1484.067008880502,0.05195874348282814
01b185ab-14e7-4cb9-83bd-0d727f305756,midcentury_1,False,False,0.03171394020318985,1971.377721934894,0.0700446367263794
002191de-728d-4329-9766-052a682bae01,chirp3_1,True,True,0.00510609894990921,1210.4940073682917,0.07428809255361557
00645d1b-9c3c-4405-b339-0c95098e39bf,chirp3_1,True,False,0.021489355713129044,1365.1648584627771,0.17202603816986084
010a32ba-dc8c-4a60-8912-7e7d2a3e8fa4,chirp3_1,True,False,0.0039574820548295975,980.1593111580653,0.06738768517971039
007097b6-795f-4c3e-80f1-b31991d667d5,chirp3_2,True,True,0.006527240388095379,1129.8149594088668,0.07162110507488251
00c8f29a-2b11-463f-b5c8-e41273158b05,chirp3_1,True,False,0.009020156227052212,1074.5767106644453,0.049342475831508636
02567f71-4dca-4e6c-972a-7a7ccafefe74,mundo_1,False,False,0.01135347317904234,896.755615736493,0.08510488271713257
00f80251-358c-4666-aa6a-24880f2e2699,chirp3_2,True,False,0.03269442915916443,1218.713320272046,0.11354153603315353
012a3782-33a2-4c41-b669-4a7c2d7fca71,chirp3_1,True,True,0.03625127300620079,1283.0783381209026,0.1391468644142151
00299c83-1bcd-4c0c-974f-92db6698a73d,chirp3_1,True,True,0.029736464843153954,2216.9679129664064,0.08583469688892365
00f9fb6b-22e9-4766-9568-d557d96a48dd,mundo_1,False,False,0.035191088914871216,1692.4658261001266,0.08327184617519379
02771e6d-58eb-4fbd-a1e0-3c7cea7291f8,liva_1,False,False,0.035999152809381485,1609.8985667064326,0.006494836416095495
0291dcf6-b8a3-492f-888f-06a3023ab2ef,chirp3_1,True,False,0.005232410039752722,1220.1489458118376,0.10200382769107819
01c3db5f-9462-492d-95a0-d9f292e37174,chirp3_1,True,True,0.03469480574131012,1245.4194530111633,0.06277257949113846
0273c33d-8c92-4547-8c4a-a68af73f3e54,chirp3_2,True,False,0.025243254378437996,1307.2496308511932,0.12457983195781708
01e26549-855d-4b28-b6a8-c71634f9a949,chirp3_1,True,True,0.011254744604229927,1182.4502769894616,0.07258954644203186
01eebf0f-b138-460f-8469-d5fca274093a,chirp3_2,True,True,0.03367038816213608,1792.9491639206888,0.10781195759773254
01672901-a715-4afa-b166-edf970d71761,chirp3_1,True,True,0.030314592644572258,1381.4969518227063,0.13345205783843994
0182a40d-50dd-449e-9791-cdefad17154a,chirp3_1,True,True,0.010048583149909973,1225.9554805593161,0.076560840010643
0029a93b-ced5-4386-a669-cea59242fad5,midcentury_1,False,True,0.024534711614251137,1467.7881364563852,0.011201118119060993
00f6fbe1-74f0-4617-96aa-8b6e310c12fe,chirp3_2,True,True,0.004529016092419624,1059.2250893754258,0.09027888625860214
0088ad4f-1496-419d-bf61-dba42d986988,chirp3_1,True,False,0.022870849817991257,1414.852627682039,0.0806678906083107
01f6ea22-cd7d-4bb5-ac41-9e53379b0502,chirp3_1,True,True,0.04068224877119064,1527.427132777003,0.06948193162679672
024dd39b-0d1d-4817-bdd0-8be9a0facca2,liva_1,False,True,0.06223289296030998,1859.8290141658174,0.07442262768745422
026fe56e-0218-41e3-b702-edd847159b77,chirp3_2,True,True,0.008226827718317509,1300.422237406335,0.05800517275929451
02871315-faa0-4fd4-8b2e-c25117dc3a9b,chirp3_1,True,True,0.010940373875200748,1310.5540791570347,0.052908867597579956
006ea98c-7b7d-4005-bf5d-a85f75f056e9,chirp3_2,True,True,0.004856463056057692,951.6100004265799,0.07925277948379517
01c4abb0-1531-4987-993b-2183310205a6,chirp3_1,True,True,0.00990944355726242,1213.3319362632628,0.046715665608644485
00f16a3a-a7bb-4580-91db-6ed94f6090b1,chirp3_1,True,False,0.18782037496566772,3227.511385652524,0.06234187260270119
020bb335-50e9-4aae-8c5f-b9992e135492,chirp3_2,True,False,0.013476166874170303,1245.2079491118795,0.1067735031247139
007ba1b3-54bd-40e0-8e58-02d553ae7c85,chirp3_1,True,False,0.03862619400024414,2210.503489142535,0.14280882477760315
00fc2ecc-4db8-40c1-93c9-7d28adbdd261,chirp3_1,True,True,0.017338545992970467,1302.8458150325425,0.06343332678079605
00fd0ace-9843-4a42-9400-8e061b00e6ae,chirp3_1,True,False,0.012828054837882519,1383.9133301571148,0.09735545516014099
02a24415-21fa-482d-a4e6-0b5f7a1e9191,chirp3_1,True,False,0.010609091259539127,1321.4218302083905,0.07976257055997849
0100535f-2ee5-4fff-b5fd-69cbdd0270aa,chirp3_1,True,False,0.023677483201026917,1459.8219830251287,0.060919590294361115
00d61b8c-85df-4e89-891a-27d361a31f66,chirp3_2,True,False,0.013944724574685097,1186.3058488531208,0.0633634701371193
0025c5d9-adcc-4e57-b0a5-99e6cf975c23,liva_1,False,True,0.031240632757544518,1705.2530240564918,0.0650714635848999
0165d6a7-7c1f-40d2-b484-b9187aace584,chirp3_1,True,True,0.004248437471687794,933.109535189805,0.05868859216570854
00da3120-f82a-4324-8ff1-14aec3fddbe4,chirp3_1,True,True,0.01680743508040905,1484.8221527781,0.10783091932535172
006d7a8d-ae0c-4c2a-afcf-3a5d96dec89a,chirp3_1,True,True,0.04862705618143082,2762.880092036255,0.06618648767471313
00c02a65-f0c4-4f0e-97bd-af1afa6d561c,chirp3_1,True,False,0.006013836245983839,1004.8492990463789,0.024049006402492523
00e3cec0-7beb-484a-92aa-871755ef5cc2,liva_1,False,False,0.005779871717095375,1076.462379529637,0.034842945635318756
01b7af2d-9242-41f4-a1ba-a4247694e51e,chirp3_1,True,True,0.00405028834939003,885.4494301923028,0.06443854421377182
0007cbe7-13a3-4db8-a402-83c177c774a0,chirp3_1,True,False,0.0025387706700712442,1033.7334160120968,0.07387154549360275
029b0143-19f6-4390-91b5-65a019205fca,liva_1,False,False,0.011850121431052685,1183.9980555628322,0.146075040102005
005e91a0-15b2-449f-920f-7395afb03c97,chirp3_1,True,True,0.058351725339889526,1487.6620264849644,0.04884553328156471
007566ce-4a44-463a-a3b4-990133faa28a,chirp3_1,True,True,0.019347049295902252,1355.8583121401416,0.0801229402422905
028130f3-3e58-4d8f-9a69-11a7f5ef6674,chirp3_1,True,False,0.019889380782842636,1272.5082177057952,0.056331388652324677
027e1b65-d357-4449-94b2-66c8321c67eb,human_5,False,False,0.01862975023686886,1373.5422632322345,0.08037033677101135
01426de2-2610-4ec3-a070-03ca0b86c790,chirp3_2,True,False,0.0028261225670576096,1075.4030511383207,0.08261535316705704
016d67f2-5afd-4ba8-b8a2-12585cd82896,chirp3_2,True,True,0.020946906879544258,1468.920246551964,0.046847522258758545
01bbcfe3-a218-4003-b30f-274dbeb6aa18,chirp3_1,True,False,0.030081268399953842,1355.559831961054,0.13972590863704681
0244b303-284a-481b-8c7c-b96d5b905741,chirp3_2,True,False,0.014188838191330433,933.5253001360273,0.07898256927728653
00b4e3ae-9502-4c2b-b491-c6ff16145b12,chirp3_1,True,False,0.06049910932779312,1872.3256120661106,0.04924412816762924
02691afd-ec70-401c-85b2-d74506e20ff9,chirp3_1,True,False,0.012386595830321312,1265.159878099941,0.09321873635053635
024f3adc-5d58-440c-b682-8aff04b9231b,chirp3_1,True,False,0.04604925960302353,1981.507939450977,0.12661033868789673
005ad1f8-a1dd-451f-8e0b-1f98ba0f2266,chirp3_2,True,False,0.003391676116734743,1226.0921265939612,0.054077666252851486
006176e4-627f-42f1-801c-3bed1493ada3,chirp3_1,True,False,0.007690299302339554,1128.096459736865,0.1144537404179573
010528ce-ab3e-4fe6-8891-f7c7f23cec55,chirp3_1,True,False,0.051329344511032104,1602.5096518230332,0.14621050655841827
0012027a-d9d7-4d2f-979e-d63233631b2c,liva_1,False,False,0.007123338524252176,1035.132551439207,0.10260099172592163
01626b16-bb1d-40c7-a557-65b38cc1fe5a,chirp3_1,True,False,0.03937998786568642,1313.3421196661682,0.11080162227153778
02795080-dd31-4184-a7fd-f095461989c4,liva_1,False,True,0.05879535526037216,2035.4275859460702,0.06382717192173004
008cf54f-02cf-4734-8a1b-7ec4e0cdbf25,chirp3_2,True,True,0.01789623498916626,1373.3980308465507,0.06713906675577164
014e1718-a84b-485f-bed7-6f641ea279cb,chirp3_1,True,True,0.020846819505095482,1514.9334575310395,0.04331635311245918
0167b477-4403-48c0-91db-328eefd1de65,chirp3_1,True,True,0.010753125883638859,1144.9996123147741,0.06873901188373566
01694419-12ac-4449-b1dd-ca55ae1d1ac8,chirp3_2,True,False,0.028007015585899353,1358.654897981646,0.12804678082466125
004ac266-1bf6-4174-a1d5-b136d1feed0a,chirp3_1,True,True,0.011671422980725765,1151.3997686065406,0.12930767238140106
004c4b9b-215c-43a6-96e4-a73a417f0837,chirp3_1,True,False,0.022565288469195366,1559.5896175681348,0.1232326328754425
01424fc7-c074-4549-b511-1992b0ab96d3,midcentury_1,False,True,0.07059337198734283,1807.3948710321963,0.0012305635027587414
0093c577-45ca-4ae4-8f44-4898911e6131,chirp3_1,True,True,0.03666108474135399,1675.9260560523528,0.05097575858235359
02034c3e-35b3-41bb-973a-d08e1b84554e,chirp3_2,True,False,0.01306677982211113,1331.1709336849785,0.11724616587162018
0161f6eb-20e7-46ed-b564-84c0342265dd,liva_1,False,True,0.0015335360076278448,896.7857051015335,0.06925134360790253
01f03907-ac3d-4bc9-bf5d-c52ba4bcdf2d,chirp3_1,True,True,0.0041069877333939075,993.834722675654,0.10379110276699066
007e4e1e-1f03-49e1-bc57-6a18af8bda73,chirp3_2,True,True,0.03853505104780197,1623.7790120245268,0.052509017288684845
02ac1ba1-8e44-4226-88c3-73bc837916a3,chirp3_1,True,True,0.010894490405917168,1212.02043593271,0.05501145124435425
01a30812-028e-48ff-9cd1-4f5a659f792b,chirp3_2,True,False,0.04878285899758339,1746.2784044045886,0.08588539063930511
0177570f-2c32-4889-814b-e8a020e1e2bf,chirp3_1,True,False,0.005646658129990101,1164.3879327907239,0.08492766320705414
010baedd-4fcf-4a8c-ab0e-02590853aaf5,chirp3_2,True,False,0.009826759807765484,1126.870978730157,0.08799523860216141
009af80e-2dee-454a-9e4a-23acdca9836e,chirp3_1,True,True,0.014308200217783451,1253.1463242592324,0.07839477807283401
01e259f4-0324-4308-b47a-ffb644887d7b,chirp3_1,True,False,0.005145581904798746,1051.1096790122485,0.09117497503757477
01d442c2-aa86-4975-967a-72ef9935c7eb,chirp3_1,True,True,0.02980983257293701,1627.3117906927885,0.06868039071559906
018095d3-77d9-4254-a599-4e3c1296d000,chirp3_1,True,True,0.02420199289917946,1998.474322040909,0.08841390907764435
017b144a-3555-4c2b-a20f-973d5db047a8,chirp3_1,True,False,0.030225059017539024,1297.0145444548245,0.11882760375738144
00382414-c2e6-404e-b8dd-c511b4fade13,chirp3_1,True,True,0.036129146814346313,2273.9070574067696,0.09749650955200195
01e69c03-19bc-4daf-959b-e31f6db7b107,chirp3_1,True,False,0.012391876429319382,1036.234411690536,0.13370738923549652
026537f6-2cf5-436b-bac7-97cfffd24788,chirp3_2,True,False,0.03554297238588333,1751.356782617131,0.13460509479045868
0210970e-40f4-4dd8-81cb-a400201dc9f0,chirp3_1,True,True,0.0036380975507199764,1013.3833527268653,0.09892115741968155
00aec6b8-699c-4f0b-96dd-37c2348df5f4,chirp3_1,True,True,0.01881100982427597,1323.2324076073396,0.06805264204740524
01019388-7c8d-47ba-9bae-eec43353fb5f,mundo_1,False,True,0.0004913793527521193,833.3992554179724,0.16072672605514526
01b2b529-8f02-49ae-b5b9-787c153822b4,chirp3_2,True,False,0.006397923454642296,1112.309648265767,0.10052978247404099
00fe89b9-ea0a-4bbe-9496-513d1c97bf2a,liva_1,False,False,0.015249084681272507,1205.4263581365458,0.06806375831365585
00fc2b36-6b35-4b08-9e08-e853120499a6,chirp3_1,True,False,0.011477864347398281,1287.3679948609918,0.08683418482542038
0291e647-7828-47a8-aae2-84ca65bbfec6,liva_1,False,True,0.0028515025041997433,812.5611301842014,0.07806195318698883
021823b6-2e62-4f7c-9948-acd27dc2236c,chirp3_2,True,True,0.002096835058182478,953.5736488401271,0.1449504792690277
013cd59e-6e6f-4bbb-af41-60ba980bf5bb,chirp3_2,True,False,0.009167082607746124,1294.9757525816046,0.11450117826461792
0216875c-0145-41a1-a2cf-14017d11fd1f,chirp3_2,True,True,0.009143184870481491,1245.1142567985735,0.06538642197847366
014482c7-3853-4bca-9a3a-05ca1c8ac389,chirp3_2,True,True,0.06737559288740158,2238.9737091947823,0.046519048511981964
024d1016-4a61-4330-999d-4f31a8503f08,chirp3_1,True,False,0.027587423101067543,1949.5214120748046,0.14902564883232117
004e6c90-ea66-4266-915b-765f6bd5c571,chirp3_2,True,False,0.012804385274648666,1198.9051682934735,0.09017857909202576
00fcf45c-d899-459c-8f85-70d43c86d56e,chirp3_1,True,True,0.01889922469854355,1184.2129686370267,0.07260964810848236
025f3e76-12c5-4817-9e03-553d670e0537,chirp3_1,True,True,0.09752336144447327,2263.2488135588274,0.03846783563494682
00815ad6-e541-46b5-9188-3912b2ccccd0,chirp3_2,True,False,0.06916841864585876,1811.7185736303513,0.0824279934167862
01580a61-acf8-412e-a85e-1e1479f19bac,chirp3_2,True,False,0.036118462681770325,1438.3409537397492,0.10331036895513535
027796f1-179b-4d12-ae99-ca439e076247,chirp3_1,True,False,0.00640876404941082,1065.5731510106175,0.08468763530254364
0087126d-51fd-4848-9715-8820c32d0b74,chirp3_1,True,True,0.07114868611097336,2218.134051530562,0.0719006136059761
01674e3b-175a-4887-aa81-8bfe5fd6261e,chirp3_1,True,True,0.03731836751103401,1590.958703456913,0.10358019918203354
005d7a4e-4e34-4d00-9ab6-189d66df5db7,chirp3_1,True,False,0.007566198706626892,1094.6636664459686,0.08341307193040848
00f0d47b-d067-4424-89ea-2d1ca7ab876a,chirp3_1,True,True,0.05863383784890175,1928.0040842521864,0.04324488714337349
023f3fca-026c-4d42-a9f3-91c40fc5dc02,chirp3_1,True,True,0.1414264589548111,2387.313569506955,0.03825496509671211
001c9355-dc7e-4667-8a53-3e477971c29f,chirp3_1,True,True,0.0017174184322357178,846.8603326988324,0.09117254614830017
01d3df89-98b0-44c3-8f77-c8e7a3361d9a,chirp3_1,True,False,0.001672931364737451,810.4729453369605,0.03598877042531967
0278c273-eff5-46fb-8e6f-a6686882a7ca,liva_1,False,False,0.046937495470047,1805.136971838667,0.07709917426109314
0049e736-5ce3-4771-9762-da41ef967f0e,chirp3_1,True,False,0.015304106287658215,1236.736328259043,0.02877930924296379
027a518e-1185-435e-8539-b17408f30a7b,chirp3_2,True,True,0.030213922262191772,1281.603924540568,0.10698045045137405
00bfcc35-f024-4e62-bcdb-03cd50e938f5,chirp3_1,True,False,0.07254501432180405,2275.5140396373286,0.13699229061603546
02ac129c-361e-4be0-8321-b8ec36070b64,chirp3_2,True,True,0.022780973464250565,1381.2287350229358,0.13556639850139618
013955e3-455c-492f-a9fc-d3483a32ce65,chirp3_1,True,True,0.08104801177978516,2102.1401849131835,0.03534868732094765
028e65ea-eff9-44b8-8af5-2376bafffc61,chirp3_1,True,True,0.031717848032712936,1484.7573943745417,0.06311144679784775
022221ff-9dad-4ceb-85fc-ecb744d62a84,liva_1,False,False,0.015472685918211937,1373.08075786062,0.09161674976348877
01b281a6-0036-4304-b6ae-81c4d1b1f24b,chirp3_1,True,True,0.020725974813103676,1397.7662945272527,0.09964259713888168
009b1193-13ab-4363-98a1-facf905b615d,orpheus_grammar_1,True,False,0.010473127476871014,1472.014447957286,0.0662311539053917
00a65c6e-9f1c-4b4d-aa3c-d02f481667f4,chirp3_2,True,True,0.0245283842086792,1175.1562346859075,0.11633238941431046
00b51f86-d422-4fe4-9b5d-a48a8ec6b357,chirp3_2,True,True,0.0055500827729702,934.8254958797806,0.09534004330635071
01a10065-2056-46f6-8ac7-6d510940146e,chirp3_1,True,False,0.0016686324961483479,802.9759539866493,0.14121684432029724
01380c32-e227-4c90-8f39-111767877638,chirp3_2,True,True,0.009047248400747776,936.6002229840069,0.1091090589761734
01afe84b-f61b-41a8-a2de-db03ed7d9dfc,liva_1,False,True,0.02762255258858204,1449.5376311011028,0.05525972321629524
01dda595-6c2b-40b5-9b1f-6368915e351e,liva_1,False,False,0.013783005997538567,1248.203746504634,0.05890953168272972
00609adf-55ec-4b95-ad0a-685aa9096a80,chirp3_1,True,False,0.03349998965859413,1350.064191431026,0.05257118493318558
0082be85-3c82-4f45-b7b6-6be8becb7990,chirp3_1,True,False,0.002103189704939723,888.99293563872,0.0876670554280281
0194b627-7455-4688-8737-32e2c8086996,chirp3_1,True,True,0.0025583417154848576,972.7206013502447,0.10485108941793442
019ba44c-3466-440d-ac47-4ec152be858b,liva_1,False,False,0.008220363408327103,1122.6852228418636,0.08155812323093414
0011adf8-f320-4880-914c-b34bbb371d1f,chirp3_1,True,True,0.052891988307237625,2235.0663594615053,0.0703463926911354
019d4ae7-f57d-4626-b622-3c984e6af0a0,chirp3_1,True,True,0.02433457225561142,1428.710993034279,0.07794588059186935
01168e4f-4277-48aa-8f9e-a4b56e0a0d23,chirp3_2,True,True,0.0479675717651844,2587.873451375144,0.08964642882347107
015e9687-c4b2-4b1c-8320-2d5351d42a14,liva_1,False,False,0.011122406460344791,1227.3423600275485,0.16762730479240417
000e4fe1-9677-4894-8ffa-e86b2aff28b1,chirp3_1,True,True,0.011228290386497974,1286.3556596649262,0.0337943509221077
01724bd3-eeb8-4bb0-af70-3e195d22f0de,chirp3_1,True,True,0.01595754362642765,1652.8575051800715,0.10121355950832367
0093cddc-6ebc-46fd-8e55-87314378117c,chirp3_1,True,False,0.004496268928050995,926.3290117537658,0.11379462480545044
01f2761d-e00a-4a2d-89ad-4d071761751d,chirp3_1,True,True,0.0225510410964489,1406.9309825234395,0.05177990719676018
00ccb1a7-f304-456c-83d0-0d1d8abc5e57,orpheus_endfiller_1,True,False,0.0333920456469059,2770.925995745547,0.12553013861179352
00b48eec-0ee6-4b13-ad1d-93ea7116f20f,midcentury_1,False,True,0.2841486632823944,3086.152334161325,0.0014835895271971822
00480e9d-1952-41f3-98d4-279e46650f39,chirp3_1,True,False,0.018206054344773293,1364.6218011882754,0.06086595728993416
022da0a5-21f8-4623-8517-fa4a705f7754,chirp3_1,True,False,0.0315849669277668,1721.7572213846731,0.09547043591737747
0193730f-8ce6-4ee7-a168-594dd539b6e3,chirp3_1,True,True,0.004287673160433769,1018.9851159430008,0.0797247439622879
00cf4045-b4ea-4ba6-b0d4-af7be8188b5f,chirp3_1,True,True,0.03125671669840813,1843.1316731974061,0.057162947952747345
0089f970-76bc-4dbb-874d-3a7df50f5640,chirp3_2,True,False,0.04855269566178322,1744.5780266155668,0.1345076560974121
010bfc3e-8e83-4bc8-af4c-e0d5cb299838,chirp3_1,True,True,0.07578939199447632,2172.6877634821276,0.04465903341770172
02126796-6c82-4d27-9349-79cfc79c0d8f,midcentury_1,False,True,0.030997777357697487,1522.1751835470702,0.02321673184633255
0193d82a-40be-4722-8f6b-6d1a79652731,chirp3_1,True,True,0.010894834995269775,1166.3212156582042,0.11003763228654861
0107e2b8-9365-40f1-b16b-e30b8e487874,chirp3_1,True,True,0.04854254797101021,2348.073079323263,0.09473198652267456
015e5d7c-9c6a-4046-83fc-a82830e931ae,chirp3_2,True,False,0.06326224654912949,1907.5266951128158,0.06027931347489357
01e2582d-cb5f-4642-a066-9af2d5fb9575,chirp3_1,True,True,0.015106789767742157,1394.0502501675771,0.09457232803106308
016b770b-bfbf-4230-895b-c87627f0ea42,liva_1,False,True,0.010176235809922218,1409.5754748545007,0.08572061359882355
00843e0e-8562-40dc-ae65-80969685063e,liva_1,False,True,0.10716710239648819,2363.5744035732123,0.06014425307512283
00808c65-041a-4c01-9610-2bd525fc21ce,chirp3_1,True,False,0.012983651831746101,1429.5917746245193,0.06574666500091553
00d65fe6-8fea-477b-a4d6-e730004926b0,liva_1,False,False,0.1728699952363968,2696.3843203335528,0.0320427380502224
02b5dd2d-6fd9-40c2-816c-abcf90b6a62c,chirp3_2,True,False,0.03617257997393608,1675.6186487659436,0.12786301970481873
00c7d8e0-c73b-420d-85b3-ab9c06cc0cfa,chirp3_1,True,False,0.0066885207779705524,1190.8747427142555,0.05200612545013428
02b53aa2-f14f-439e-b04a-6f0478d7a110,liva_1,False,False,0.007610670756548643,1118.6479428743216,0.05199933424592018
0169c709-1c85-4bd7-bf30-2ad9c3949464,midcentury_1,False,False,0.016652680933475494,1455.4728048888485,0.028312575072050095
026fe736-3be9-4567-86dd-eaea5249bd9d,chirp3_2,True,True,0.03247775882482529,1592.3237089375189,0.07280495762825012
0267998c-7bc4-41f6-a357-dded94541154,chirp3_1,True,False,0.0037579000927507877,1146.1901142997156,0.10617715120315552
0166f683-de9d-4d9b-8310-d45de56c83f1,chirp3_1,True,True,0.04193614423274994,1290.1965975328533,0.06434022635221481
001edde0-c612-4cc9-9fff-a29d1a394fa6,chirp3_1,True,True,0.025401385501027107,1502.3195383693937,0.1883983463048935
026e7874-66b0-4fdf-9ddb-469bec0225ca,chirp3_2,True,False,0.006508396472781897,1034.517872266927,0.08818119764328003
00b9f538-831d-48c7-8e9b-483b43b7083a,chirp3_1,True,False,0.048192933201789856,1701.7897050530853,0.05334591493010521
01f6742c-5018-43a2-9760-47ab13ad4b51,chirp3_1,True,False,0.06383854895830154,2036.809989590288,0.07694396376609802
01757017-7a2a-46c9-81fb-d4709d2fe766,chirp3_1,True,True,0.01843853108584881,1511.6766394338974,0.08511636406183243
0048e36e-9424-486c-a709-99ecd2d527ac,chirp3_1,True,False,0.0031842992175370455,1226.7215017663052,0.14502651989459991
016883c7-47aa-4893-8a9c-f9a6ed3d340b,chirp3_2,True,True,0.007055673748254776,1117.5045592309557,0.10655304044485092
0036dd03-fe11-4e64-b20b-71d33466c481,chirp3_1,True,True,0.0038460432551801205,892.5003109390267,0.07718265056610107
0074e2b0-694d-4ece-9f2e-e2914d804500,liva_1,False,True,0.0073630292899906635,1028.7366747045992,0.08744103461503983
01369924-b30d-4f83-9d71-e125cf62b60a,chirp3_1,True,False,0.0486016608774662,1585.2726505620358,0.08559687435626984
01407eb7-00b3-426c-9aac-04d48e9f8398,chirp3_2,True,True,0.046396978199481964,1784.89465569065,0.08375336229801178
001d1b13-119a-4fec-a3bc-09f4e2593748,chirp3_1,True,True,0.13746793568134308,2378.5001954180552,0.09651041775941849
016bc00e-c801-4dd3-a25f-d04efd795a85,liva_1,False,True,0.008624877780675888,1151.6907354368698,0.05106768757104874
005d6cec-8e3e-4288-9833-80886172f39d,orpheus_grammar_1,True,True,0.011366710998117924,1324.6926479906667,0.09691570699214935
00340941-9c6c-4c26-bd94-55dd51765c4f,liva_1,False,True,0.02381083182990551,1631.3915254332787,0.09607728570699692
01e52080-ed6c-43c7-b9bb-0bae8a0440c3,chirp3_2,True,True,0.035228509455919266,1502.5926863353197,0.06167932227253914
012c6a85-962c-47b3-98d6-a97c665bed88,rime_2,True,False,0.05808030068874359,1680.3108469501142,0.029091669246554375
00f76b1a-1e39-490e-8b72-22d321818d6a,liva_1,False,False,0.0074132815934717655,1085.7952481251655,0.0827949270606041
00ae07ca-7033-4978-80f2-c88f06425dc3,chirp3_2,True,False,0.018536826595664024,1396.4353929453168,0.08767104148864746
00d00c21-3bbb-4943-9453-abf3b6fd39ca,chirp3_2,True,True,0.016137300059199333,1509.02264610445,0.06837211549282074
00b90208-ee08-4c25-97db-0ec113093b2e,chirp3_1,True,True,0.0033238891046494246,993.9086737704891,0.1045687273144722
006303f4-b70c-4175-9d97-b7b75f5bcef8,chirp3_1,True,False,0.02921201102435589,1880.1700369073772,0.11202360689640045
007e814d-f5f7-447a-a61b-3c8efd8f34b5,liva_1,False,True,0.030487962067127228,1602.3883048885848,0.05810315161943436
00702842-cba1-4b2a-9f94-c261bba6e2ab,chirp3_2,True,False,0.012419529259204865,1017.8188903575185,0.0493960827589035
023f7b78-7cd8-4b96-85d4-a9e39c3753d4,chirp3_1,True,True,0.012288839556276798,1227.5227403841352,0.05619679018855095
00590bc9-e8a0-43d4-ab74-a63f45deb805,chirp3_1,True,False,0.03444688022136688,1780.0205889144615,0.12071607261896133
029fed04-f40e-4c7c-bc02-ecf148aedf95,orpheus_grammar_1,True,False,0.006445727776736021,1537.678484165934,0.12940771877765656
01101d99-ed29-4603-a511-c5f5a1c0a78d,rime_2,True,False,0.019719747826457024,1463.1777744690392,0.02927521988749504
0116a7b7-5996-4ca2-a739-0808d355b180,midcentury_1,False,True,0.05057796090841293,1641.3729102004186,0.01566299796104431
0113b3a1-3d4d-457b-acb5-a6c36c76986a,chirp3_2,True,False,0.009727847762405872,1310.4111282792987,0.09492376446723938
01238916-1fe3-4704-b229-51b2f62aef10,chirp3_1,True,False,0.017276952043175697,1400.595711052782,0.07975401729345322
01bdf4a4-9775-4fc4-9cd5-5470586427c3,chirp3_1,True,True,0.0409344807267189,2270.511036065225,0.1256246119737625
02147ed6-bbf3-407b-a924-5f055a2fc955,chirp3_2,True,True,0.014689875766634941,1101.4598484344328,0.10750417411327362
00d3dd6a-36df-4dda-90be-ca25b28a0a05,chirp3_2,True,False,0.028591131791472435,1875.6176929871021,0.13102920353412628
0020f137-badc-41b4-a61f-3ec0af8b811d,chirp3_2,True,False,0.02383960410952568,1589.098447721248,0.06432799249887466
019bd68f-518f-4a5b-a5c2-456d24ad3f82,liva_1,False,False,0.05454793572425842,1812.162831843907,0.09649045020341873
01f092c3-d72b-4b97-87a9-e5c980460804,chirp3_2,True,False,0.00443752808496356,985.2082479008776,0.10608518868684769
015ba13a-e898-43d2-8a81-9f9b3ec904e6,liva_1,False,False,0.04026060551404953,1633.8843314782398,0.04786982387304306
020aab06-ad42-493d-965f-d1e6644d9e0f,chirp3_1,True,False,0.011606957763433456,1366.7036569082477,0.08211095631122589
0053e9df-8c17-4a15-979c-d5f08fca3e58,liva_1,False,False,0.03613000363111496,1724.4751053339817,0.01366314198821783
01d2b31a-eb13-41df-9dce-488fcb44790e,chirp3_1,True,True,0.021252043545246124,1525.4106275141642,0.10856956243515015
029caa66-d0a9-4233-8c4a-d8c404fe20bc,chirp3_1,True,True,0.04659760743379593,1706.4289362479449,0.039918139576911926
0007a870-7ff3-4b5c-b7ab-78ac6f06aa7c,chirp3_2,True,False,0.003019920317456126,1008.599178499306,0.03886617720127106
02456cfe-098f-428a-81d8-c6f2c5da43dc,midcentury_1,False,False,0.0007158536463975906,744.7908920185173,0.07240146398544312
02af460a-3065-4de9-b44f-0efde618ebc5,human_convcollector_1,False,True,0.018829669803380966,1308.7291094878033,0.125043585896492
00eef27a-7874-4f8e-a8bc-2499e5a1d0f3,chirp3_1,True,False,0.03748590126633644,1619.5259500354207,0.08409291505813599
0299f36d-4746-4687-a61a-d9b3646efe37,human_5,False,False,0.03446270152926445,1660.2405261943002,0.030336519703269005
01485ddc-b4f2-4a2c-abac-47786be79695,chirp3_1,True,True,0.04937701299786568,2199.425040882577,0.06198776513338089
015a5854-ed31-4cd8-82a8-ce23ed31b711,chirp3_2,True,True,0.024037489667534828,1235.0446128290653,0.15471215546131134
002ab907-c703-4365-9430-17e07ac07b91,chirp3_1,True,False,0.012050413526594639,1350.8514700130481,0.08091279864311218
01028509-690d-4659-b8d5-2a87548a594b,midcentury_1,False,False,0.01666247472167015,2421.9729307458542,0.11635134369134903
002c18f1-08d3-4eb0-85ca-9401cfbe2a2b,mundo_1,False,True,0.011720716953277588,1068.8412952795752,0.13839919865131378
005e3ff0-3821-4e4b-90a6-d76b3eda7b57,chirp3_1,True,False,0.056216657161712646,1762.1414055725445,0.07608988881111145
0027d458-9a95-499c-895b-aeb337750212,chirp3_1,True,True,0.011072522029280663,1148.6779989644917,0.051517099142074585
013f7241-919e-4d03-92de-ef915af3d422,chirp3_2,True,False,0.005243341904133558,1184.7169529611115,0.11564067006111145
0069acc9-769e-4ffc-ae47-47e5cd6a8770,chirp3_1,True,True,0.011464462615549564,1331.0222121988177,0.09172958880662918
000c4ea0-95c1-4587-8313-a8b51050fb1e,chirp3_1,True,False,0.006686278618872166,1223.259430122384,0.07126571238040924
0015b7fa-db6b-48b9-8678-ba4495fff9c5,chirp3_1,True,True,0.023673199117183685,1320.7661348386914,0.08795524388551712
0130e7f8-64bf-492a-9b3a-e49c67863814,chirp3_2,True,True,0.0049761519767344,1140.6946193701856,0.11178167909383774
0193625c-f0ac-4336-94ee-8ad33091135c,chirp3_1,True,True,0.02153976447880268,1317.576798345941,0.061374250799417496
00a08709-ce4e-40d9-8443-915cb0dedfea,chirp3_1,True,True,0.004725664854049683,1117.206616825061,0.08495713025331497
00ce3502-fc87-4aa4-99c3-10c5097d4e9d,chirp3_1,True,False,0.022118795663118362,1261.5423025708385,0.07913261651992798
004193a1-ef5e-4a66-9b51-b39de26c9dcb,chirp3_2,True,True,0.0668475478887558,2030.6599672089217,0.06667490303516388
023caf91-4e96-403e-b548-63215d537b30,liva_1,False,True,0.07118174433708191,1993.4170954051183,0.08496899157762527
009e01c4-a3e3-46ae-9699-1f440e627f85,human_5,False,True,0.004787998273968697,900.1804018521715,0.14561398327350616
01e1373f-8b5e-4743-8b14-64702ed0f5ed,liva_1,False,True,0.005110858473926783,946.2472661236368,0.10741835832595825
01dcc8c9-86aa-4921-b443-c37875dbaf2e,chirp3_1,True,False,0.004557233303785324,933.3110851123907,0.04802973195910454
003ae4c5-df8a-4405-90ba-3e89c5cdb3bc,chirp3_1,True,True,0.009372936561703682,1178.6519924396057,0.05260174348950386
026af07b-18b0-4322-9958-15b97aa21a49,rime_2,True,False,0.017807532101869583,1397.9621851775098,0.04770877584815025
025f94d3-14ac-4eaf-bcc6-de2aaf7be523,liva_1,False,True,0.05475891754031181,1729.143859546028,0.09372648596763611
023837bc-396a-48ef-b684-7af9f463bf80,chirp3_1,True,True,0.024738166481256485,1477.7008512115149,0.09217832237482071
0297efe2-82f1-46ed-bde4-1ea2dc7990d6,chirp3_1,True,True,0.0448690690100193,1808.5588571511657,0.05891866236925125
01140631-82e2-476a-a95c-153e9bbe7b0c,chirp3_1,True,True,0.04797414317727089,2187.4487008772326,0.03136154264211655
00ee1cc7-33f7-48ae-8b25-296996cde802,liva_1,False,False,0.01839863322675228,1207.9791615138463,0.06346496939659119
023b8121-c6af-4dd7-90c9-a92297709347,chirp3_1,True,True,0.019698593765497208,1748.2226951453672,0.0760989859700203
0023ad86-5a2f-40cb-adfd-23ff1b5e3f4f,chirp3_2,True,True,0.035630032420158386,1618.4440493423588,0.037138648331165314
019285f8-9561-4b84-beaa-d512c7fa7c90,chirp3_1,True,False,0.004906750749796629,1019.9151191942203,0.08515863120555878
021f80ad-7f9a-42ee-9f43-79c580289036,chirp3_1,True,True,0.08497073501348495,2539.1292668351293,0.04379597678780556
0229fe08-17ca-4819-aa15-6381a91580a0,chirp3_1,True,False,0.0067545464262366295,1350.976108258204,0.03779005631804466
02382e64-7e9a-4109-99e0-6730f67c6400,chirp3_2,True,True,0.01758476532995701,1360.7931975180386,0.07763209193944931
01e4fd22-fda7-43dc-a3ed-b70679be2a79,chirp3_2,True,True,0.006825905758887529,1369.876476971727,0.06935827434062958
023126ec-f25c-4df4-b28b-1bfc3297b7e5,chirp3_1,True,True,0.027072548866271973,1340.120744317797,0.0522586889564991
0020bf3d-5bbc-4f99-baa5-c3aa181f8efb,chirp3_2,True,True,0.00487665506079793,1087.40090158735,0.09759954363107681
02a2e789-e2b6-4a34-ad9f-59f831016d99,chirp3_1,True,True,0.005103659350425005,986.96315966924,0.072219118475914
00bdddc9-e8de-4231-ae49-43b9bb251248,liva_1,False,True,0.019316518679261208,1442.2975067852713,0.04648183658719063
019ef5c1-e1c8-4ae6-bfbd-5025e4977416,chirp3_1,True,True,0.22564838826656342,3351.381191984047,0.027093030512332916
02a2c759-d268-4e56-926f-e12ab625fdf6,chirp3_2,True,True,0.03616439551115036,2805.793670265823,0.10268037766218185
02b3b69a-ee5f-4cdd-b835-6af48e0da9f8,chirp3_2,True,False,0.016178233548998833,1373.952998578987,0.11193972080945969
01b5bb3a-5c31-4551-ab87-950e6742e5f1,chirp3_2,True,False,0.002387897577136755,827.4386017803935,0.11985497921705246
00c41abf-5308-417d-94ab-21c147a60181,chirp3_2,True,True,0.0014097653329372406,810.1152115879213,0.0892648994922638
007a8f02-097e-4495-aeda-8af84626175f,liva_1,False,False,0.051731206476688385,1809.0635383264953,0.0727938637137413
01fe0ab8-3fd2-415e-9cda-ad34f4299069,chirp3_1,True,False,0.030242860317230225,2036.6802873002966,0.09816835075616837
006048a7-e7bb-490c-990f-6fcc5e35da16,chirp3_1,True,True,0.050776585936546326,2290.385840927386,0.14447928965091705
027ef907-a592-4d37-a5ef-7b9dc8f7ecb5,chirp3_1,True,False,0.04818553104996681,2277.949107629979,0.07605379819869995
