id,duration_s,endpoint_bool,prob_left_zero,prob_noise,prob_repeat,prob_unpadded,prob_variance_across_schemes,max_abs_diff
1913483d-3d2f-48e9-882c-d046139538b0,3.48,False,0.6267910738383624,0.6480581636793223,0.3453210021496124,0.36450013080532084,0.020056063444897937,0.3027371615297099
a0850427-52ec-4db6-a8ab-c01729139b9a,3.68,False,0.5679191572261664,0.565451731202259,0.634444662803859,0.6457385956303505,0.0013638221379037995,0.08028686442809152
2a970f9a-dfbf-4344-ab37-8ab746b07aae,4.96,False,0.39745775248968684,0.38684662516224805,0.3255820336888915,0.30147788143960785,0.0016320645844947284,0.09597987105007899
c791f12f-d90c-47e4-8b1b-2ef65d124ca3,5.888,True,0.5820237359249918,0.5853952997438763,0.5124820964427951,0.5278504703582936,0.0010403799555039899,0.0729132033010812
93c7b73e-c9d4-44d2-a109-d50158f31b3c,0.4,False,1.9660006757509374e-08,8.767922815071902e-07,0.37360546167467085,0.4533870556007231,0.04354033414824124,0.4533870359407164
6bce1986-ca50-48ac-bb12-0501724159da,5.2,False,0.4177231310534696,0.38176847112731993,0.3514739490120704,0.332773898190211,0.0010353738752398,0.08494923286325856
ec6055d3-e90b-419c-8e7d-6038617d724a,2.68,True,0.942311299853246,0.7491867646595427,0.6039700817713607,0.5688924830444938,0.02162736434989642,0.3734188168087522
c2a947a7-2876-4673-a3cf-8dab353d2ceb,4.352,False,0.6477476474406804,0.6505525079682828,0.39979013519107254,0.3651092659099903,0.017933601535598667,0.28544324205829247
18c3c7d9-47e2-4949-8ffa-7d12df885c78,4.96,True,0.891388795898561,0.6365232767159906,0.516985829405914,0.489420381586325,0.025212558579363876,0.401968414312236
613444ec-3c12-40c2-8fed-46d2945c26fc,3.292375,True,0.780307510777897,0.7743566482862828,0.8145933841334024,0.793573138898456,0.00023856436864954614,0.04023673584711962
b5080986-2b15-46b0-9981-29dcdd57e0be,5.24,True,0.8791611584865505,0.8979017679417695,0.8087379855147798,0.7958471714560289,0.0019239592510461917,0.10205459648574056
ae36521c-279d-418b-838f-7a4db43a0180,4.24,True,0.8153546098505765,0.7828480185350348,0.6337064084136915,0.6302799348852275,0.007114835226046438,0.18507467496534902
b91bc2f8-f147-4648-886c-1a089db0b3cb,5.78625,True,0.8115422983303144,0.810742303552877,0.5144980823369959,0.4950559557235961,0.02351225102500946,0.3164863426067183
f8d42eb0-d3ef-4f9d-9d23-3c7fed46c9bb,3.88,False,0.46065639350707505,0.43504851105687004,0.3378790704967825,0.2886118628926525,0.004915137815808367,0.17204453061442254
5904b49f-4437-457d-8f56-0ad22da8b52e,4.24,False,0.7424472784023313,0.6825667814504647,0.32784137532473273,0.2867299493594883,0.041710567094232334,0.45571732904284296
19309018-899a-45cb-8c83-25bfc517ab0f,3.44,False,0.9292143769414614,0.9254686259209443,0.5516042904527634,0.5601958545742042,0.03450316448220429,0.377610086488698
0610ec3b-7fa5-47f6-80d3-ce43b2502470,4.84,True,0.5686459909786239,0.510309437030927,0.3501041125179235,0.33517522368501684,0.010139557234792658,0.23347076729360705
7c88a775-7e59-448c-9e91-4072a92e356b,5.054,False,0.5635626444028204,0.5631182874088771,0.5128063143197844,0.5289026392930534,0.0004836759587871129,0.05075633008303604
6968d71b-5d49-408d-a143-8e842f4be253,4.12,True,0.6532472134311164,0.6504676556081217,0.537394332995641,0.5212093648426637,0.003788677782443862,0.1320378485884527
1aca7fec-a28b-458a-a883-ba3252b7059e,5.68,False,0.4749552159594265,0.4848495476001921,0.43229447547601335,0.41062454672031135,0.0009248277347397596,0.07422500087988076
4e20a317-6b28-482b-b092-5e5797f9134e,5.72,True,0.5564175914941841,0.5551541527278742,0.5379679494376826,0.5146371427094789,0.00028555698107074674,0.041780448784705215
1d10d844-d5d7-4f3a-a2ba-ccaab437d498,5.84,False,0.756648651906054,0.777719903684226,0.7365045906045591,0.7185101430335334,0.0004895390405119062,0.05920976065069261
bba7da66-6473-42c8-a5b2-efd7f7e4cc72,5.04,True,0.5914809570724947,0.5899105248180126,0.5624268152476942,0.5933761331285538,0.0001609641323076996,0.030949317880859528
40d21474-44b1-421d-a675-fe1a0b08428d,3.72,False,0.3385754392322194,0.23412129328988354,0.24636922458861735,0.22129670683935465,0.0021318792925084174,0.11727873239286474
c5c2f657-dad2-428d-ab43-01a8b78d5738,5.4,True,0.7304083971492046,0.7248655739318821,0.6133203233645798,0.5869154997605801,0.004156270756896429,0.14349289738862447
a46f3b51-8c24-4217-b399-bef6e3de3fe4,3.56,False,0.7331299897328629,0.7268189402046931,0.6747950123263422,0.6555686038045713,0.0011007076134970056,0.07756138592829165
d68b3d45-be82-44a5-846a-3f74be4896c5,5.56,True,0.8510684796853082,0.7848120686024924,0.6775474973357926,0.6654965889599309,0.005926466642284638,0.18557189072537728
33b11529-a8a3-4d53-87c3-c26be9c07988,1.536,False,0.13768684897923206,0.1694542511529107,0.29786567055712554,0.30005044513425205,0.0054111244896942155,0.16236359615502
ec039d51-3e08-4796-ae41-0263a053bb1c,2.8,False,0.817489089111717,0.8093173165671077,0.22401100362936124,0.20963371371539483,0.08901136144823671,0.6078553753963222
12e8c958-5d03-4e9a-af08-fdb97e6008dc,5.44,False,0.576732834181714,0.6316277844449993,0.542676273130208,0.5436257246428896,0.001307938810615857,0.08895151131479129
a73a018c-7be6-4fc9-bdc6-81cfa1a7f767,5.8678125,True,0.5645513805800202,0.5639176101966139,0.6143539213191089,0.6216533791035878,0.0007294909712015613,0.05773576890697385
753b0f66-0154-43d7-89e2-36d184206334,4.92,True,0.6746863998595821,0.672466613948478,0.5518090044586424,0.5018987300790442,0.0056938786126464564,0.17278766978053794
3209c578-8fbe-4035-87aa-7a8c2d03236d,3.68,False,0.7517361154342879,0.6873374937388039,0.1524197728348933,0.11144377507205853,0.08704819486494002,0.6402923403622294
035c5495-918f-4b6c-958a-641d4ab78be4,4.6,True,0.8715487600229015,0.8826480425187195,0.6889293748638224,0.6844645373764887,0.00908106868457825,0.19818350514223082
12139fc2-7b36-49c5-b18a-951f6770de0c,2.72,True,0.760446059601225,0.777409475526101,0.5736794757579798,0.5328240308891692,0.011873651386531306,0.24458544463693177
d8c08200-0bc8-4f8c-9569-0ccc806f172c,5.32,True,0.8234675025291769,0.8022258225614546,0.7298404718840601,0.6971212337488655,0.0026586107247674904,0.1263462687803114
df0decd2-fb9d-49d1-a1da-861c86107c62,5.12,True,0.42341302343429676,0.34727529006582714,0.3396230308860002,0.3335089463165769,0.001324119481063782,0.08990407711771986
d98a441d-c7f4-4a37-b33c-aeb06531a1df,5.12,False,0.2556951722357304,0.256084822726394,0.17695967470071353,0.17697975136575336,0.0015571218531537196,0.07912514802568046
42a49c92-e3a5-41d6-b8f4-1ba92f9f7522,4.04,True,0.9145373588059699,0.74524328345246,0.5528770424854254,0.5450499044572272,0.023320191938688686,0.36948745434874264
cc3e792e-bb4b-4401-b6ed-710f43039f44,2.074,True,0.9044737746062541,0.8905182985712128,0.5387342157956299,0.5061882370551392,0.035319526714007426,0.39828553755111495
380a4dfb-c27f-44d3-bbe4-5af0216ba2b1,4.84,False,0.4027183959312604,0.38386732707773735,0.3286195372762513,0.3483594259542323,0.0008439808620639753,0.07409885865500909
3a56b1da-202a-4679-b855-30e7da176081,5.68,True,0.7777305356144794,0.7757326459803071,0.5314324283205032,0.5311815820764089,0.015058813614956076,0.2465489535380705
46a9d69c-647d-4030-90ad-4f2705a20f9e,1.109375,True,0.31014065371822397,0.010230063377755687,0.08076103930864661,0.060868230865329984,0.013289542306252037,0.2999105903404683
0dfaf72d-83d6-4b15-90d6-280ecaa11448,5.84,True,0.8330423831373156,0.8310012610466824,0.75338113715718,0.7466218037257047,0.0016880663671985819,0.08642057941161085
4532fe0f-9fe6-4343-b79c-408bad983cdb,2.592,True,0.9632157369614405,0.9572385126251534,0.7348502884007658,0.6828266118085695,0.01614184020754333,0.28038912515287095
5c0b8ad8-e939-40b2-9c8e-7b472c13f8a9,4.84,False,0.4675169036795296,0.5195457548035688,0.5628872883966657,0.542579719879504,0.0012661492141658312,0.0953703847171361
3ebe7edb-bcbb-4a5f-a6e1-3d1058e6bee8,4.36,True,0.6707983503680276,0.6732607976300939,0.48955002203140524,0.4272065677061858,0.011898313511464526,0.24605422992390813
625802bc-2c0f-46e5-9f65-2f38969e55bb,4.366,False,0.2776131542048726,0.2792099246326535,0.8333903363417094,0.8010485053932717,0.07270955124092854,0.5557771821368369
e9c33c1b-a0ab-42ce-9957-86a7ff0fe6c0,4.2,False,0.5446073882152678,0.5621387507444418,0.49263168647845296,0.4709991212183975,0.0013770394466373534,0.09113962952604426
e4cd64a6-b652-409c-ace4-8a1c56dce680,4.84,False,0.4973761232431679,0.4923988204104024,0.31860226581407614,0.307997126697564,0.008260685374098999,0.18937899654560386
b9ef84fc-f410-4c85-8dec-9c3f167d0de8,4.4,True,0.6851538140563714,0.6797016534572593,0.5877270599564911,0.5731760173423979,0.002629968454188602,0.11197779671397357
219a8502-3842-4a98-817e-03556cf917e9,5.24,True,0.5067058686788769,0.5049466090340137,0.49662210267298673,0.44700850531867753,0.000597261427139913,0.059697363360199374
008db1bc-d645-417c-9343-37fea5020eaf,4.17,False,0.9610499023015686,0.6040469419945982,0.36373508316816594,0.3996286465741444,0.05626593188100411,0.5973148191334027
f9359bec-a28c-4220-97f4-3530a3884cf1,4.24,False,0.609665806340192,0.5556467957559679,0.44104334822193786,0.4243629225404647,0.006021024236556295,0.18530288379972726
47dccd3f-18b1-4a74-8257-9d41a640b619,4.103,True,0.3435741361102255,0.3445280423513678,0.5214779302121155,0.55419350605725,0.00952202295485367,0.21061936994702452
1e900f5f-7533-4f44-b160-a93e9a01c966,5.32,True,0.46004279513650825,0.4597069949415313,0.3276909660009046,0.2987064345798603,0.005483503504418602,0.16133636055664796
89c728bb-7918-49f4-8479-e2501a19d0b7,3.72,True,0.8899569832275729,0.8835711494829881,0.7224453986251504,0.6971144904995638,0.007916149064088135,0.19284249272800913
78c03ec3-e0cb-4cff-9280-a2564cf24e56,2.7948125,True,0.3698970537891149,0.3848389018050806,0.6900397043177077,0.6756026212460403,0.023379373078054787,0.32014265052859275
6ad96b19-b3a3-4380-88ef-0ec0001a410f,4.8,True,0.5837728808431839,0.5627977601123042,0.4507857475876904,0.4300091980732952,0.004523747600504653,0.15376368276988872
00c0c5ce-1b18-4900-a5a5-2537e39a0406,5.72,True,0.6866458764062862,0.6848758125610344,0.5172931607278517,0.5213203948068227,0.00692915804914342,0.16935271567843446
bbe92b39-405d-4548-b525-45a72830837e,4.122,False,0.4740591691585197,0.4787124368136401,0.41253238207735343,0.4450684464127913,0.0007011233531969447,0.06618005473628669
db027fce-794e-4c6b-9a08-423cfff9f834,5.48,False,0.6391279664458421,0.644811380862572,0.4836975125783477,0.4761153349843431,0.0065773480669008115,0.16869604587822884
3dc009b2-b5ec-4571-92fd-bc76708c3e02,4.88,True,0.8138402398301621,0.8158948868984475,0.6543150182648877,0.6342074178066652,0.007327698412934604,0.18168746909178224
2481b203-28d4-423c-8fdd-0ce81619e474,5.16,False,0.5459094544186233,0.7592194959981499,0.6864561276205442,0.6847513615881121,0.005960908338789989,0.2133100415795266
4acbe215-9df5-4821-ab98-dea4f4761407,5.2,False,0.43252055686190694,0.43084511390869823,0.3870453045048837,0.36587801143177195,0.0008187022844708082,0.06664254543013498
fe94a90c-c0f3-4e42-a837-1bfb485971f9,2.36,False,0.8719194786554368,0.821090825260281,0.5399635532559448,0.5325925757858974,0.02438994685925497,0.3393269028695395
95ee5936-5ae5-40de-b88c-0832b72c3367,3.699,False,0.6647759355048909,0.6652335591331253,0.5131341870930888,0.4750884236526649,0.00748210331694266,0.19014513548046041
e6574536-3d4c-4d83-a9c4-650c32572a74,5.2,False,0.640521516980401,0.6108768309829029,0.48054376159544265,0.4837213518171666,0.00526395645990995,0.1599777553849584
c94974da-2bc8-4373-bc70-7052ad7b4d1e,2.838,False,0.06485587144805058,0.061355600512061,0.08772589601799276,0.07136748966676862,0.00010255743500934501,0.026370295505931757
edf32bc2-14c4-49e4-93b0-49ed8f1efb0b,5.9210625,False,0.32478129080443324,0.34699791171694844,0.758350948247532,0.6737360509142254,0.037085903988945984,0.4335696574430988
085b5325-24a8-48fb-b26a-ebeaedf8e8b7,3.773,False,0.6367973943339073,0.6361692223623524,0.38826872689933434,0.3199672971986351,0.02051572512592418,0.31683009713527216
add8c16f-c7de-4c8f-b7b1-5bb2818fe8f5,4.76,True,0.8797302039420604,0.8852099936602076,0.7220621413658489,0.6925422694970104,0.007783629083208496,0.19266772416319722
46b3f0f4-bbaf-44fe-98f9-808cfdf406df,4.36,False,0.8738132802106322,0.8710171335199081,0.5274789895607004,0.5037830053985182,0.03189490777945408,0.37003027481211404
7e1efb0d-20f8-447d-930f-c8d9f565387b,5.12,False,0.5244000860296401,0.5225294724525835,0.3756311076777332,0.39208389707846536,0.004906822122553895,0.14876897835190683
320badd4-0c5c-4f1e-8989-a7a6f63c6479,4.071,False,0.5374084946835908,0.5292623172200052,0.337991191250285,0.35354611336224673,0.008833861244428112,0.19941730343330577
3195ab54-24b2-432c-a9d2-98865cb4a3d7,4.72,True,0.5844142436130915,0.5811381033162647,0.529400828750954,0.5456172769384718,0.0005464913381884874,0.05501341486213751
3d9d5dd3-cffe-434e-ab11-d1fbf530c75b,4.96,False,0.6806739844936494,0.6661664768513466,0.4440435923454984,0.4374356734324447,0.013566831692518919,0.24323831106120464
76dc3969-9bc9-44b8-82cd-3f0b79cb21ea,5.64,False,0.6004681864427033,0.467093990475314,0.3535140701322493,0.3494215150898192,0.010535212605328118,0.25104667135288405
ee9d7d8a-2f5f-4a08-8b37-524e32b10d1a,3.716,False,0.9234934761909928,0.8255245894354679,0.4262653218623018,0.409916413103653,0.053312534109572964,0.5135770630873397
09e621af-0b13-402d-9d54-ce106698c03d,4.56,True,0.7710681928806804,0.7681929925968389,0.6042866187467635,0.601707649627577,0.00694354210951481,0.16936054325310346
7f708722-c091-45f4-afaf-9c706ca92d41,4.04825,True,0.6186955392896829,0.6148673808917113,0.7795999594621539,0.7601876166269098,0.005909782974244786,0.16473257857044254
014dcfdf-069a-4be8-b2fe-292d5f3860a9,5.16,True,0.7818873059880954,0.7648236597736003,0.6510059897251674,0.6356181280567111,0.004293817319362408,0.14626917793138428
6bf9df4e-91bf-4e0b-80e1-1512d52fd92c,3.12,True,0.9552780514948392,0.9519996675825342,0.8112505453616575,0.7944116291264379,0.005722533158749571,0.16086642236840132
29187691-e1d6-4a76-8968-844130e50e45,2.96,True,0.9658531812805637,0.9556994454577156,0.6191517537425134,0.6051526940782388,0.030422072940568506,0.36070048720232495
b451a25d-f642-44be-b0af-d679bf2b6ff1,4.16,False,0.9120656610141555,0.9037273336606686,0.5782295196208893,0.5604538952468997,0.028703024007271115,0.35161176576725583
2fa635c9-5146-48e5-a548-f78e4bfb6e8e,4.52,True,0.7531617126379283,0.7530978687407354,0.7141102004299122,0.673938596762797,0.0010750820707700179,0.07922311587513131
9aa85eb3-efac-46dd-b141-eac1e4a72519,5.621,False,0.4961487074755935,0.4054005255299433,0.20956393779117014,0.2140458202493885,0.0153085488327137,0.28658476968442337
429f843b-65e1-458b-8da3-b15d818a1b86,5.32,False,0.18837175286008453,0.18028038298397395,0.12226864920646534,0.13564063493764703,0.0007970337337731357,0.0661031036536192
439d4a6a-4ed3-4ca1-9989-fcd875833975,3.62,True,0.6026516814574713,0.5868379432828997,0.25986417565009745,0.2323677571715062,0.03051128397676838,0.37028392428596507
a26ae562-96c7-4c0e-8c6e-1f503f212210,5.717375,False,0.036879458937151915,0.03798576816125009,0.041805574310258053,0.03799401680969786,3.4907331035005234e-06,0.004926115373106138
8c679c2c-bfb1-41b7-9b3b-18c0b6acefff,5.12,True,0.826151709653098,0.9117069296566271,0.8414736707194732,0.8144391117052001,0.0014260155976576476,0.09726781795142703
33fe4b77-9fb1-467a-866f-a3b478f566fc,5.12,False,0.46387574946793453,0.23630402843362233,0.2361785621048164,0.23028447105513605,0.00989192336376586,0.23359127841279848
c591bade-78ef-4010-95db-d7c0682b4406,4.24,False,0.6406339349160931,0.6378769105655879,0.29936106046703237,0.26660020446852023,0.031868040904657044,0.3740337304475729
d898939d-2392-433f-abd9-e5dc1b17cbcb,4.92,True,0.6808234148415431,0.6918325021472711,0.5709686538562986,0.5458594346857463,0.004184451474319348,0.14597306746152483
3e916b63-5683-4cfb-8b10-01c0a4f24a21,5.36,False,0.7087894384861889,0.4772163038260685,0.4152123216183276,0.38195671937484277,0.016291130240405696,0.32683271911134615
f01a38bd-adab-4589-8707-6b24764f05a7,5.8,False,0.698027134714156,0.5137264103889143,0.40139989637622114,0.3886943791757937,0.015378307119162991,0.3093327555383623
89dd8f3b-5500-4a9f-add5-a17405a088c2,5.24,False,0.5914457103106031,0.6989328195622938,0.6509336462476725,0.6224522717760088,0.0015636302219761348,0.1074871092516907
bfc17709-3d02-47de-ac86-f231b4053314,4.04,False,0.5503313689214949,0.5484185719927241,0.41921151751432606,0.415850038694603,0.004347592555773583,0.1344813302268919
dfe57b9b-6790-4420-9a69-1005f5977a27,5.92,True,0.807221090835548,0.826728350762467,0.7329797951880405,0.7104313910221219,0.002380172137926158,0.11629695974034504
24d27cca-ac4a-43f6-8303-03bf2042bba5,4.6,False,0.4386251595197352,0.5378536835990857,0.6206186346066184,0.5991762302350674,0.004988427488715022,0.18199347508688318
d4d6918b-29ff-42ff-806f-3ad1acef41ea,5.2,False,0.3038942821197824,0.35155791691322374,0.28676410982890665,0.27387917986526494,0.0008665260183625223,0.0776787370479588
85eca1f4-1bd8-41d2-960e-67557185258e,4.96,False,0.2435070174933197,0.24589806020864896,0.45830348200137627,0.43576631980650016,0.010298801279114988,0.21479646450805656
6b7de4a4-f9c8-42a0-9c16-fbafafc792c9,4.2578125,False,0.2919185821077106,0.8292011468461405,0.7215170496004701,0.7108739078905145,0.042153839961858945,0.53728256473843
e569c533-1762-491f-9b51-5b56448a3a9a,4.76,True,0.7203287920963897,0.7185274210871428,0.6344736758158727,0.5876966423760768,0.003208465542386553,0.1326321497203129
94a1b5fb-c1c9-4cb8-bbae-ef817e5def06,3.4,True,0.39782731290310036,0.3933917627913191,0.42573419746087,0.44727165319196005,0.0004785092979014544,0.05387989040064095
eb7756e8-7936-4c7a-ac90-c352cc3016c5,2.92,False,0.6409594106177976,0.5847253218329475,0.09869474128255618,0.0816668926285012,0.06872530131769433,0.5592925179892964
3ffa8e82-784f-4b7c-acc3-60d2627a9961,4.72,False,0.48136823953048485,0.4806067290285841,0.5096320854480991,0.469536146691524,0.00021950854491134178,0.040095938756575134
54d528f7-0323-489b-b508-309c638ca199,1.12,False,0.1618825675377455,0.23438626593225084,0.3155893383393133,0.27605453559432713,0.0032381862658814563,0.1537067708015678
129e1aa9-d0ff-468a-96ac-9e68a740a18d,3.348,False,0.539965341677423,0.5383570852826125,0.3997330938229943,0.37639361409708166,0.005776055513193353,0.1635717275803414
b48a33fe-fb6f-41a4-8afe-d74b8ade9a97,5.0346875,False,0.7270817665659548,0.7165757714531746,0.4142457887266819,0.4084392337106902,0.02411844057105393,0.3186425328552646
74d189b9-a940-4190-888a-5436f0e27935,5.376,False,0.7280701781931753,0.7519230004357801,0.6377439756229727,0.5860308259515156,0.004508391918511547,0.16589217448426452
c5dce2de-077a-4e46-8e34-17b40be4cf29,4.8,True,0.6966949435268939,0.6775444482656241,0.6577423988138055,0.6294612935720959,0.0006192711085055036,0.06723364995479797
384803a1-e023-4a60-9507-073ed37f5502,4.76,True,0.6967491610192238,0.6926016062914007,0.666929953213477,0.6315677900438199,0.0006743525980093745,0.06518137097540389
6c44a681-43a9-41b3-bb9b-8915a436b715,5.56,True,0.6196752839055104,0.6058574190871842,0.49433925236566206,0.5126128605531453,0.003051699415356445,0.12533603153984835
87371680-e39d-400e-9288-efe701edea44,4.64,True,0.843614844189974,0.8736324127405983,0.6790021033261703,0.672765504636099,0.008465954561238682,0.20086690810449936
e294724f-1714-49d2-99d7-15e9e948d83b,3.88,True,0.5964121096779055,0.5361312643245828,0.38538299000685816,0.3644965707668005,0.00966072747532462,0.231915538911105
601cdb2b-15f7-41de-89ad-eceb0b8603f8,4.96,False,0.599500894071503,0.5991178525644305,0.207235460286021,0.19965399996153302,0.039184407090496774,0.39984689410997
bf85d6b4-cac2-4a72-aa2e-0a45359ee78c,4.44,False,0.34417023942713576,0.3459101550644362,0.1977622218923557,0.21085074077632832,0.004973286777685881,0.14814793317208047
a0bce830-10bd-4e6d-99ae-b4e16fa1c888,4.32,True,0.7975321896161904,0.7079537100816361,0.4055016142115814,0.42357658789072483,0.029639336919057596,0.39203057540460906
6c244046-ed2d-4317-ac82-fdc35c670727,5.76,False,0.6076751950022343,0.610756967074568,0.5224407412286972,0.5010366897899069,0.002433913039760923,0.10972027728466105
eb5f3cda-2025-43cc-a5d6-aa235a4a7256,5.8,True,0.9485584522041988,0.8740919920662648,0.6373504057187217,0.6213178348932414,0.02060503250431221,0.3272406173109573
84c01a80-4eda-4808-b96b-b7324766b27e,5.6,False,0.5638850952016384,0.5763096350096693,0.4771469543968777,0.4639817927026527,0.002517665436000703,0.11232784230701653
6bb07663-4b14-498a-b188-da54d0090ae4,5.12,False,0.570849763059426,0.5811399582153386,0.28137076542797623,0.2767913818551634,0.022055306585830395,0.3043485763601752
411f2493-6796-4704-bd38-6551d24610e7,4.36,False,0.0861584562911942,0.08453884136895397,0.09807011706157166,0.09785467184654921,4.011034080878612e-05,0.013531275692617695
988b4ab7-5f57-4b9f-86c6-4ff8c40ca4eb,3.6395,True,0.6939495249955919,0.6941064477924618,0.758114261479195,0.6661746773987941,0.0011386657076848119,0.09193958408040093
9212365a-325f-40bd-9487-eb8e9f12b5a1,5.719,False,0.23464689209493025,0.23511200444912492,0.22098870910596544,0.21379848710008967,8.29281917826552e-05,0.02131351734903525
9801773a-e6dc-4061-8e52-83a5360c4dd9,4.76,True,0.600366419556203,0.5990411619789257,0.47702328173793096,0.4659160576242461,0.004126638294599952,0.13445036193195686
a8505ea0-f7a7-4b4c-8e82-49c2e43b93ab,5.8,True,0.8267464000342655,0.8024516561085413,0.7320318229195095,0.7242891441916174,0.0019491784515416936,0.10245725584264809
8943a6c1-a7fd-4f5a-909f-2df78ddff98a,3.068,True,0.42722669671789343,0.4275098631607657,0.7455831391655059,0.7295590425664562,0.02408855245858023,0.31835644244761246
7d759869-b36a-4292-b517-458fcb201c58,4.101375,True,0.9872430346356965,0.5529480830628645,0.5580821034068414,0.5071550435884709,0.037999538440847955,0.48008799104722566
0956067b-e852-42b2-90f6-85c341cef3bf,4.96,True,0.9765428676453103,0.9788161152057839,0.49349256799165186,0.4605703837248799,0.06279823860678498,0.518245731480904
3c3c62b0-6299-4984-b29c-c08a89898f59,5.04,True,0.7833624341957603,0.7680850361175391,0.6577408315886857,0.6372053517803393,0.004193944990629243,0.14615708241542102
12702d8d-dbc6-46c8-9099-fcd991e3e64e,4.52,False,0.6342341728751953,0.6413275020991602,0.49031113594856235,0.47166703534147786,0.00619565308729902,0.16966046675768237
4a4d72d3-ed1d-4120-b2f8-11f0a6ba83d9,2.868,True,0.5853959811554902,0.3235511914055385,0.20339194773061928,0.18456033790646897,0.025579394943526273,0.4008356432490212
64d26ddb-07de-49ad-ba0d-898f398d9a69,3.52,False,0.608347010702788,0.6012412994947898,0.6230314316955008,0.5732681604615706,0.00032689616365665205,0.049763271233930206
93c2778c-9604-40fa-88b0-fb1ccf63d7ec,3.321,True,0.5706047038340198,0.559808313475147,0.8392515862935859,0.8084881897315276,0.01685955453182365,0.27944327281843884
839f4d62-bfda-4e12-837f-4f494dc399a6,3.68,False,0.4470966827057523,0.45187313579506483,0.3909964776787682,0.3812142099630373,0.0010190557367303317,0.07065892583202754
cafd1265-86c4-4d8d-9859-227a69fe6124,4.96,False,0.4523549020106916,0.45141919914924605,0.5158956436392208,0.5003365924528792,0.0008207969587342913,0.06447644448997475
81053f33-4510-47c1-8897-3d3557e120ba,5.92,False,0.2607338786006654,0.2615582562161148,0.2109307433292613,0.22722098673602195,0.0004757319355721533,0.05062751288685349
beffebed-d7ce-49e8-b22f-eb7808444a7f,4.04,True,0.44467587074902204,0.4643644909797762,0.4195352539948545,0.403241794155173,0.0005467247793666061,0.06112269682460325
397e5015-b370-4473-8e76-e4484d3cbb6a,4.44,False,0.23507921635604098,0.18626939536316842,0.21742144058343585,0.21158328693141795,0.0003057238397448739,0.048809820992872566
5d8d2441-53ba-4de9-9347-ba45ffa8dd7b,2.24,True,0.9745795456304793,0.9696349333410001,0.6546880077829094,0.6284781897131386,0.027400477371844298,0.3461013559173407
987cf6cd-52ca-4283-843f-9c531f6ae8f7,4.004,True,0.7949779740515579,0.7005812511155641,0.47044552756545666,0.4470623810263076,0.022066146892547295,0.3479155930252503
a6c485c5-b5bc-4647-b2aa-ca7bffe71aa1,4.64,True,0.8189904132742382,0.8207357699103641,0.5907322558191171,0.5652407599260132,0.014707678267064535,0.25549500998435093
643bcf3d-91a5-41ec-8705-fc86a120b608,4.32,False,0.7624339433921459,0.6595145077953039,0.5128783623475227,0.4977941956101432,0.011924234060713981,0.26463974778200267
91d3fd5c-9202-4af2-b7b3-5e11a23694dd,4.256,False,0.859114492282958,0.8672796511444132,0.6639154517112549,0.6439070780526037,0.011008512839766928,0.22337257309180947
9571c395-fb06-4c71-b630-d7a213ebf6ef,5.8,True,0.5330499129312272,0.6556542526265474,0.5763806895109076,0.5756192964946112,0.001963250278719108,0.12260433969532025
b0ce97ec-4a1a-4804-9ed9-39cb939262f1,4.244875,True,0.5019843443862421,0.9493663738835261,0.4536115346671304,0.4730700834089033,0.04227101847316202,0.4957548392163957
42e43871-5f57-4abb-a294-33fe41a8174c,3.48,False,0.7649686495381329,0.7642139625340385,0.3474336007171425,0.35180134425083387,0.04305327647523727,0.4175350488209904
f325fc49-aa7c-43d6-bd63-04d25e7f7c55,4.76,True,0.7729671011721108,0.7688171599532319,0.5089203194955749,0.5080259306602296,0.01721818635284243,0.26494117051188115
593e5484-35b8-4ca5-b467-568f12534ac4,5.52,False,0.8970116634973374,0.8956249466033914,0.631604121515861,0.6049412464920542,0.019416445831805407,0.29207041700528324
11a8fc8c-e064-4cc7-aec8-b463dcbbbc7f,4.963125,True,0.5354639350141641,0.8158723154325611,0.7954058887074821,0.7889316220455849,0.013226946198731201,0.280408380418397
d424be22-b663-46f5-9f8e-aca453ec9bd1,2.92,False,0.7248335435168161,0.46181891823299137,0.3383962391842619,0.306519327925955,0.027116532761429262,0.41831421559086107
d5ff4126-7242-483b-8ae1-24646a0837e1,4.84,False,0.4278135921671741,0.42736759689334064,0.2777589823278895,0.19719840819594012,0.009846909187885805,0.23061518397123396
10352618-0edf-43c4-ac2e-79f41e0ccc52,4.72,False,0.2497474859377232,0.24596436582288964,0.2041210055286349,0.20258982825031063,0.0004971558878184309,0.04715765768741256
eec9cc3e-1cca-407a-9f0c-f240c895bc49,5.973375,False,0.6195271804064477,0.6206725451940341,0.667102016412181,0.6107654072393487,0.0004855691414776946,0.05633660917283234
89a61100-f977-4658-8e41-23b5e65b0397,5.955875,False,0.17629792564510552,0.2887760448229006,0.9118149014027898,0.8940245836277081,0.11397423815254056,0.7355169757576843
f7400698-8153-4aa5-8230-bcb18491def2,3.2,True,0.7405538716157755,0.7042315242424848,0.6898008114503584,0.6718648659778246,0.0006369318568309206,0.06868900563795088
9d9dfa3c-7b7e-4d5c-8e1a-fd3ae2a6acb7,5.08,False,0.8918875378084218,0.8896261055670586,0.7853367661441154,0.7342991624175794,0.004612489978496798,0.15758837539084236
c406f1a9-4a0c-437d-a97e-9b2115572f0e,2.9419375,True,0.9432740459275768,0.9863755201329376,0.9124024248952849,0.9088353389105104,0.00096837757689454,0.07754018122242723
0c7de788-b66e-4127-a59d-220ac264cd86,3.52,False,0.30297982161291354,0.28032446683528395,0.35729386533885377,0.32220997073043517,0.0007964151552807761,0.07696939850356982
156dc4ea-9d41-4571-8770-704354f7ee6a,4.84,True,0.8164213137968531,0.7966353195308657,0.5868862613845964,0.5704546054465498,0.013062489350342425,0.24596670835030332
c0af09f7-0c6a-42ea-9d3c-41faf018bc76,3.8,False,0.23843574656854008,0.24243235351636755,0.2964717703797124,0.2787119889699938,0.00059738806176165,0.058036023811172316
5f63dc5d-560f-43ad-af0c-15ef343fcf36,4.44,True,0.8610824462220196,0.6116309750477492,0.395766418615008,0.3944654167981936,0.03688978582417283,0.466617029423826
a2a3e133-e8bf-4de1-be1a-ee065b51e888,3.92,False,0.461982202903808,0.4633014632049564,0.4571208868137456,0.43485319610452766,0.00013154433292821268,0.028448267100428748
d364f9f6-5be9-49e8-a0a6-c8db544b74c2,5.888,False,0.06033197354816718,0.0535211710765193,0.07243123008365267,0.06710066621332281,5.0562635650876676e-05,0.01891005900713337
212ab2c1-d480-4d41-a998-46c76ebecbea,3.8,True,0.7748723761778893,0.76795992846859,0.6078583368468155,0.5758599857633261,0.0081941378065492,0.1990123904145632
bdf061e8-e52e-437b-8c8c-b1beaaf0c08a,2.6,True,0.9794717612843468,0.9739773887191778,0.653304204668565,0.6191338152164919,0.029135735414725937,0.36033794606785485
2235ea62-8944-42b9-8937-f11468c00844,4.16,True,0.7149802552380697,0.712200734618946,0.5657194983777313,0.5430594331789322,0.0064013924568295496,0.1719208220591375
46e40daa-0984-4b1f-b33a-c31163b648b4,5.56,False,0.6003273088792905,0.4796508079146979,0.45044801820517155,0.4448027232769017,0.003957098604337383,0.15552458560238885
6846c056-97db-4736-829c-4f2bbc0b7193,5.6,False,0.37103499251621846,0.37837500706122107,0.34507112805108936,0.347694158060955,0.00020813348521773334,0.03330387901013171
1cc7d007-1d0a-44e8-8851-e5315e0c43d7,5.32,False,0.728367603629149,0.7469152409887154,0.6352187962632818,0.6066497496161014,0.003550165338217403,0.14026549137261402
bb74a95e-9cd4-41ac-ae03-1e3567ae6035,4.64,True,0.7142313313962722,0.7102944978513334,0.4321683475409965,0.4191552946912212,0.02055815147530543,0.29507603670505095
53fe2b7b-dae9-48fb-8383-1e6de628698c,4.203,False,0.45904323840633027,0.45864661126612805,0.3995102535704904,0.40834691587645594,0.000763731592069725,0.05953298483583985
9158953c-c485-4f79-b10d-93359c47e80f,4.4,False,0.6111217849261474,0.5900066631710957,0.45844813285122704,0.44767907978751703,0.00550933566645501,0.1634427051386304
ff554be1-d22e-4028-834f-4dac8139b45f,5.28,False,0.40634487222729615,0.010547086886602317,0.016570286355385003,0.015341385999000024,0.02884528845917531,0.3957977853406938
5ad7feeb-eb83-48a4-bb84-d1df593bcdec,4.852,False,0.7428030064006009,0.7413080160411964,0.5014504053703811,0.4829963053631175,0.015646875125089596,0.25980670103748343
fcb4d5c9-39d5-4055-aebe-24999fa462b4,5.84,True,0.5951595065574156,0.5949908135853991,0.5335185432818527,0.5224842823740815,0.0011399448137066732,0.07267522418333405
3cb70fcc-27ab-4eda-a92f-60667494bc38,1.24,True,0.9125463625536082,0.893152357365117,0.5119898038754443,0.6008300803932022,0.03103865782686341,0.40055655867816387
050ef737-7261-40e2-b479-5162c2b806a2,3.25,False,0.45373681131348376,0.42253881905678453,0.3284836456020357,0.3036694651280686,0.003923370071396851,0.15006734618541517
d395b17f-96ee-493e-aa3d-b300fd6785f5,2.95375,True,0.7131250353115159,0.7066927999309222,0.7967110313615439,0.7739911479767525,0.00149257617495357,0.09001823143062171
fd1e63f9-5ff0-4dc1-8d10-b099375bdc5f,5.48,False,0.32398898730432935,0.32330089248854277,0.29053847950650213,0.2686103044496667,0.0005457180904307733,0.05537868285466263
19630c99-56b0-4904-b5b2-243e4f59fa0c,4.28,False,0.8654037950627648,0.8485012539541295,0.6327465911073646,0.6223953375964548,0.013203080578108824,0.24300845746630995
93af8893-67ec-4abf-8ec1-f43ba0c8f8c6,5.6,True,0.35060314876776505,0.31095839539133596,0.250527062091755,0.23696684203516855,0.0021131697114308485,0.1136363067325965
8472e930-e287-46f5-b5e9-bfdcd5cdfde7,4.08,False,0.9353948940315046,0.902946020706868,0.7726871975342149,0.7561973698337446,0.006150807407693548,0.17919752419775992
010a0d0f-45e5-4a97-ba99-a9d6d9250aa0,4.308,True,0.9694891414991951,0.968191902872581,0.46602273973059233,0.47984206366302207,0.061505298059503645,0.5034664017686028
0b2ba320-8541-4dcc-831a-d3843775e38d,3.2159375,False,0.6490052707192344,0.5714283032207084,0.5314014813843927,0.4810361461395472,0.0037732512179171765,0.1679691245796872
230e20ab-f6cb-440f-a8b6-db77bc163e59,0.76,True,0.020311852581655857,0.02082140737798285,0.3632461362028928,0.5804566871443639,0.0568120739329057,0.560144834562708
48433db8-280c-43b0-9617-66a1760c65ba,4.2,False,0.5557719062871159,0.5702363274556215,0.4933575107121717,0.47370057393273246,0.0016535236990503112,0.09653575352288901
2a4ddca6-d0c4-4a7a-b1ef-1324e4c65065,2.96,False,0.5584449937031107,0.553339546962369,0.37521009948486667,0.3631222433064799,0.008738181737740283,0.19532275039663083
fd7c2d43-b8db-42ab-89c8-c3284daf624f,4.84,True,0.7970081889107,0.7954054576738571,0.6243601710946194,0.6097455039066397,0.008051057311812711,0.1872626850040603
5b08a7f6-56dc-44a3-86b6-844f61c9a5d0,5.16,True,0.6858676807758091,0.8346611001879017,0.8134490659611623,0.7299332828797599,0.003671938808300241,0.14879341941209268
441ee688-950e-479b-88ac-e3c2c8fa7cdd,5.8,True,0.7490326152278973,0.735197058563153,0.39277613671938355,0.3923945762279948,0.030566660448068647,0.35663803899990254
a561a75a-fd5f-479f-b1ae-2355a56f4606,3.16,False,0.3405235724175796,0.3282846840913089,0.31213401628716186,0.29933120576104016,0.00024472676817630427,0.041192366656539414
c590ddd9-6360-49fb-a520-a5ae8c3d3bed,5.92,True,0.30408883324988806,0.30319515330987395,0.24065662246835567,0.24820425078057046,0.0008837227800112585,0.06343221078153238
7dfd5728-c9b8-4713-a691-d266448e714b,3.68,True,0.9362044532495859,0.9300043638758728,0.7214768593777114,0.7136707618123651,0.011625781698507838,0.2225336914372208
cfeaab11-6055-431f-a4c8-007332c3e3e1,5.0,True,0.6364506120156539,0.6344547121618835,0.5120869429784636,0.49274752433798075,0.004471855895622035,0.14370308767767315
5733b0d8-2407-4293-ba03-5a2bc567f1bc,5.92,True,0.2647916240705863,0.242495005514587,0.2457983398527793,0.2500310885514341,7.258613625352399e-05,0.02229661855599932
8108545a-f4eb-4deb-b5ed-51fc40113c10,5.68,False,0.5528392535868288,0.27578264282624093,0.25317599980134825,0.19898604784530322,0.018819740665719956,0.3538532057415256
c29afb9c-206c-4ce8-82e4-1494040f37db,5.84,True,0.825256163462259,0.8031941352292887,0.7219754826065824,0.7053904443970019,0.0026224073563421426,0.11986571906525711
ab3aac0b-0e17-427c-a12b-7ef3ea039d82,2.299875,True,0.697446591892494,0.9994593826089401,0.039551310314271365,0.044303347613752854,0.17402519782055462,0.9599080722946687
182128c3-b24f-4edf-ad5f-1eaccc427ba8,4.96,True,0.7764242156225581,0.7100546917994001,0.5018224569558486,0.4880416517608473,0.015988494178858677,0.28838256386171085
c764e659-4af7-45fa-a25b-ef95e70070c0,4.64,False,0.3330220990767243,0.3329315893511089,0.3070824730699825,0.27572216565173713,0.00055504491336152,0.05729993342498718
a80d267d-fd4a-4c3a-b8e0-d913f6e59624,3.48,True,0.7390403920716876,0.5735452902119872,0.4760505109597141,0.4611140265194862,0.01226028066126711,0.2779263655522014
49213fff-04d5-446f-8134-996193e08698,3.36,False,0.775380091359968,0.7680187755156863,0.22246413777911098,0.2216265706377448,0.07553676301458914,0.5537535207222232
fe7fd2bd-dcec-422b-bf82-69c4922238cb,5.48,True,0.798709559520196,0.6727590532964957,0.6379287084859482,0.6509819516568299,0.004087202527191245,0.16078085103424777
81db52a4-ded3-427f-a175-329d8e89a0b8,5.72,False,0.6926311041515895,0.6856827379876774,0.39954630171877753,0.3614174159544992,0.02400783497638249,0.33121368819709024
9a7869ec-b54d-49fb-b1f1-15600a7995fc,3.68,False,0.8647694419048378,0.8604140237279043,0.6605387318462369,0.6486434470910596,0.010836125341629489,0.21612599481377825
fa72430c-2340-40f6-84ae-c6a5537185c8,5.84,False,0.4978040389762312,0.4859155748206109,0.40128299703605075,0.4255476472496442,0.001629647900887792,0.09652104194018046
f7d5d5e4-79a7-44cf-a6fc-3306c9785a79,5.56,False,0.6077130026462624,0.6389534213469721,0.5687861282857669,0.5626680318894693,0.0009562909663930065,0.07628538945750274
5cf33b85-c608-4a37-ac37-7d05d076c947,4.4,True,0.5600832014507836,0.5576330905007448,0.5446700224455548,0.5267993059659914,0.0001743445461868322,0.03328389548479216
96528848-dafa-471c-8b3f-c6316d127780,3.48,False,0.5106589118264165,0.5106454213886517,0.4349110335606484,0.35515505842704415,0.004137072231808624,0.1555038533993724
3b824d31-f15e-4b6a-8c17-1d0e484ba6a0,5.8,False,0.8101593676214016,0.807816951090429,0.7745103659418654,0.7907532758185077,0.00020732902401995686,0.03564900167953622
3244952e-bf2a-4bcb-87f1-b27ae5b80d8d,5.973375,True,0.6531083854598232,0.6431166220113638,0.5850885593589794,0.5764760607330839,0.0011550900542423557,0.07663232472673931
621de301-a15f-4127-8122-980a4014382f,5.44,True,0.5679340045739317,0.3969441017996226,0.30778810325074313,0.311326377843041,0.011128288565145358,0.2601459013231886
4f4e7ce4-bf40-418b-ad40-e72ef016c715,3.575,False,0.7791440465285326,0.7750665670826131,0.4556012493453922,0.41867277300435923,0.02906715278394804,0.3604712735241734
983faeff-f79e-43ac-9df1-f58b7c90288a,3.62,True,0.8490884861018163,0.8444413336500183,0.4344529737096211,0.4155660864193716,0.044516688917147086,0.4335223996824447
22d92dad-1091-497d-a14a-60ee731140b7,4.52,False,0.7297432309502618,0.7311798683403506,0.41167459129656875,0.348255600759383,0.031214945035549634,0.38292426758096765
22e7cf7d-5971-4e3c-a980-8a312bfd59d0,3.04,False,0.45082167907830667,0.4520542221633154,0.2559947600060826,0.22718347420390772,0.011113084400991027,0.2248707479594077
c614b4d1-dc09-4e9b-9df4-190e3ff7ed5b,5.04,False,0.32898549346242556,0.10287680782990974,0.1075495065912461,0.10117305204968209,0.009507683658281574,0.22781244141274348
35f5961a-d4ce-4368-ab68-7824920660ff,4.12,True,0.7851013952139699,0.7560939573403948,0.6364268256874447,0.599777360127975,0.006086802584021944,0.18532403508599493
60aaae0b-9e51-4f4b-9047-db13e1273c4a,5.12,True,0.8156352600669092,0.8181518755650682,0.7777005957306097,0.7200149502652446,0.0015739632249215131,0.09813692529982354
85347b2f-944c-483f-b35f-73d4931995cd,3.153,False,0.3884516681104039,0.38808734597746913,0.6532995311607309,0.8417176935785575,0.03670087578124461,0.4536303476010884
08906a39-c08f-41a6-a9ee-b8e38c85b4d8,4.352,True,0.8674656704477973,0.7434964291746642,0.5489023829449535,0.5464379796839602,0.018538416736923843,0.3210276907638371
3ecbc30d-5a89-4f2c-9a8d-83b015bce2c3,2.953125,True,0.8146391116541498,0.770349532487859,0.33550039779095814,0.29973581018006695,0.05678193969450794,0.5149033014740829
06c642ef-de9c-4e77-b809-697bdb3eef0f,4.84,False,0.4093799641002175,0.4085978739444345,0.40045393326740736,0.3999818235738452,1.9337107380982156e-05,0.009398140526372278
cc8dfc62-4172-488d-b066-031b05c1d4c7,5.32,False,0.7352139170651668,0.7388891211589125,0.43327946373684817,0.4296336973393101,0.023350416462725187,0.30925542381960236
f18ead32-a6ca-46d7-bc81-01a1d5b9edcb,4.76,True,0.7532506905886661,0.7516614752902497,0.6252681778649655,0.5969684046047529,0.005094518187463657,0.15628228598391325
3e110cfe-4ac8-46ff-83fb-e98744ac73d1,4.1601875,True,0.7787963296315307,0.9181144271360209,0.7388079016023664,0.7620478905222997,0.004896050494728848,0.17930652553365445
3705899a-e4f0-4f96-b29d-64b05a01b87c,4.88,False,0.37422134234808563,0.34189070091241675,0.3041264484549047,0.28192801557321046,0.0012494409694924014,0.09229332677487517
930fa7da-1f57-4d38-8a95-fd1fa11ed2ce,4.437375,True,0.6113295760487042,0.592472967070723,0.41364488693076207,0.38047416610004886,0.010672018681021531,0.23085540994865533
441c006a-bc45-4c1f-a54d-b45c209f1cc1,4.02,False,0.5055382810628588,0.503145062436382,0.5185540555683801,0.47988000272545034,0.00019424172278784498,0.03867405284292974
4b6fa4e4-cff6-49ee-b2ed-0673ec5f1abc,5.2,True,0.7332488536809282,0.5479740134071758,0.4379478194248537,0.41918271675668256,0.015575756010436788,0.3140661369242456
42190c97-46ed-4914-8b36-f1bd6fcf3e24,4.2,True,0.7934527974620694,0.7885303205319762,0.48735413237779523,0.48226419918159746,0.023443181753956016,0.31118859828047196
fcefed8e-59d1-44c6-8d9b-be5fa3ad32c1,4.864,False,0.7508956493803022,0.7572078964655619,0.6009535686894447,0.5828892706263354,0.006617333278434102,0.17431862583922642
470935de-62aa-4b02-b55d-71327d055654,2.12,False,0.6670483467251535,0.6590926233732293,0.24797658732716832,0.22963574265611572,0.045050013333136164,0.4374126040690377
7fc45e68-cac5-434c-bdb3-4e992ebd3d4b,5.12,True,0.9076678730681742,0.8797482933331161,0.8102329822711617,0.7956565059736925,0.002183493004386014,0.11201136709448167
f3257ffe-68d0-466e-9f59-835c64b52d76,5.8,True,0.8885715122715294,0.8206831920782308,0.7014817037935437,0.685059063332351,0.007118833722206244,0.20351244893917841
00d709d7-6aba-4bfd-9748-38e86bcb7256,5.56,True,0.6641460283828194,0.6633733868593312,0.6145107550444245,0.6065255357906848,0.0007167110741496043,0.05762049259213464
848bfba6-9f99-4031-abef-1aaafd5669a5,4.36,False,0.5312442683192965,0.22792211713984162,0.18803840298510513,0.1899002426661079,0.020584386080332417,0.3432058653341914
bc07c1e0-a103-4eb2-a7d4-fff9e8d5aef1,4.12,True,0.9827770539173514,0.9802937802983243,0.32751196521196624,0.31035628003352794,0.10979767938605557,0.6724207738838235
0e8b23ce-da51-4d13-b065-44a4541777d5,4.48,False,0.6903264267793279,0.6186510321027505,0.443799576771703,0.3917542940086323,0.014988877568186945,0.29857213277069555
e311d0ad-0da9-48bd-8168-562a5c80d191,5.12,True,0.8411106156758716,0.8366782140136363,0.6221995237030054,0.6276590268498804,0.011451451782509977,0.2189110919728663
0a445219-b028-4440-be2d-bab119f2e4f8,5.44,False,0.7479220154060944,0.7447542753119225,0.5180922723539895,0.513023473975227,0.013319349420318961,0.2348985414308674
6d7a440c-4a23-4252-89ed-d9a66c454e15,5.8026875,False,0.485889614984667,0.45295213409202273,0.42883554607819185,0.409737925332004,0.0008095575648526359,0.076151689652663
23b3deb8-74f5-4447-93e7-323775a68192,4.52,False,0.3551139427419007,0.4172181274428671,0.4159692073907346,0.3496382658961112,0.0010349167073318347,0.06757986154675594
148542b0-5343-443b-9c0d-d25010d459bb,4.625875,True,0.6741874817337121,0.6866816036478162,0.4983993006040959,0.5384087298079985,0.006783080147697228,0.1882823030437203
6a3a9e22-0bb4-43b9-8099-ff29dbf6fdea,5.4,False,0.21132225090687462,0.06341255612043135,0.07440282891325131,0.07030624659634754,0.0037934256533569246,0.14790969478644328
32446a07-60a5-4b0a-b243-65b54d0553ad,5.84,False,0.6793676632558099,0.6776571362385075,0.35231905074543085,0.3237221841549601,0.029086251788124413,0.35564547910084976
35952378-3463-49ae-9d54-1b224a3914a2,3.32,False,0.17499846755904552,0.17541933546778932,0.23536326674537844,0.18999412414729108,0.0006083133930790967,0.06036479918633292
5db39d6d-cab2-4b9e-afce-e7b24253af5d,5.4450625,True,0.47968040124415645,0.4812633861485972,0.8312629620558627,0.8128264630947492,0.02921079894111828,0.35158256081170625
7e3c1830-5c1e-4a04-81d6-92dcc372ab06,5.68,True,0.5342878075567394,0.5332892480677737,0.5631970382097772,0.5501983043426617,0.00015245273896324568,0.02990779014200351
46b5660a-946b-44a2-9cab-273c6661fb8c,2.24,False,0.02631275436560095,0.03866056500863465,0.20157391137433991,0.18005213708205092,0.006343766326744106,0.17526115700873895
01502d94-a467-43d4-9ea1-f92543c23fef,5.32,False,0.6972138129482438,0.695307673932636,0.5194899131487355,0.4812841722534606,0.009774540660744277,0.2159296406947832
0c2dd066-7d6b-43e8-9155-5211753695f1,4.96,True,0.7114936934635196,0.7084922768165683,0.5015068284064776,0.47913332128637137,0.012127744669559903,0.23236037217714828
72a781b4-ddc8-40cd-80d6-6d1513578826,4.48,True,0.8092707220098756,0.8071653243974417,0.3749796658357193,0.3451346593553266,0.05032393388412135,0.464136062654549
5048bd11-1fac-48cb-9376-5dc8a2cf3c4d,4.96,True,0.7064580318139623,0.7045756648485433,0.8025003632228609,0.8114497831260196,0.002583897274832139,0.10687411827747628
4c67510c-51a5-4734-a1ec-8458361f1143,3.8,True,0.8051248809019425,0.7999379794510783,0.59622628679115,0.5801725032722947,0.011520133811318063,0.2249523776296477
6db43b72-2ee1-442b-b6e0-77b30a1e4c73,3.64,False,0.951401737522717,0.9521326792200961,0.8551426379942138,0.8438257155092759,0.002631530515614063,0.10830696371082027
709800dc-86eb-45d4-9bf5-07521d216068,2.92,True,0.9161904175252548,0.7200287692866999,0.48816416341872393,0.4618620426319039,0.03432519965257604,0.4543283748933509
49b49c24-639e-4a29-a1b2-735e91dcda4f,3.214375,False,0.6343830364462649,0.6064099231002331,0.4102880864078302,0.3933653416257417,0.012076794920862489,0.2410176948205232
128721ac-2f4d-4b22-a5f1-2fef626a9094,4.24,False,0.4075872810673574,0.407454811870183,0.3159618707865952,0.30952155785370183,0.0022509673479799127,0.09806572321365559
9a1e4ba4-3d5f-4172-98b1-a16147cd59a1,4.0,True,0.604379019065506,0.5998966340270971,0.584573898933755,0.5608404191731612,0.0002894622769159615,0.043538599892344765
dfc22dc3-a764-4372-ac93-41bfe4eadd41,5.16,False,0.5185766379647527,0.5178810698312414,0.49295311131645486,0.4945151026353235,0.00015036361068310048,0.025623526648297867
4b4e40fa-349a-424a-851d-8d8d0c871eef,4.52,True,0.5423463442854689,0.6504473578231822,0.5352012666690759,0.4893572974018443,0.003492378685167867,0.1610900604213379
fd7fcc8f-71a5-44cd-a058-14cda218b9a6,4.48,True,0.8218708372283423,0.7552262229235968,0.6831614164009395,0.6355045055317983,0.005013251546256691,0.18636633169654404
8d8ff35e-58db-4b13-85b9-a0b2ec8c47d6,5.8,True,0.7968619612991171,0.5681098403080164,0.5051221926168593,0.49178395296258304,0.01503020063356868,0.3050780083365341
59157182-80d2-46e8-8a78-8f11110122df,3.24,False,0.9578939041972905,0.9483436791009883,0.7811710286573057,0.766354162604118,0.008081004552428666,0.19153974159317244
c390a65c-cf88-472b-8442-47b5f3658573,4.4,False,0.16346413195581347,0.1988151467704617,0.21230503282711424,0.18660352404208458,0.0003226392263610335,0.048840900871300774
01efb1c3-537c-4133-a7df-a0765e8a1b3e,5.52,False,0.2816109601616116,0.281771226357132,0.45893576062914737,0.4158740065754748,0.006293488669170266,0.1773248004675358
36a89f54-d65a-463a-b5e2-cd8da4eeff0a,5.52,True,0.8269818297543569,0.7604531045959447,0.6786372076565276,0.6711825791179987,0.004089015242072466,0.15579925063635813
db9c56a6-11b1-489f-96d4-e8fd0eb86179,4.84,False,0.6757570999318694,0.674516950945007,0.45488216971465945,0.4733440316290484,0.0111755714953302,0.22087493021720994
036dfe2c-20be-4cd5-8734-c78f92fa0cbe,4.76,False,0.596403873327179,0.2246317253126008,0.23563110720216873,0.2290532484894783,0.025218862804994642,0.37177214801457825
3e951225-c731-4373-ab3a-7b2eff290e79,2.76,False,0.23511902985900823,0.24314459747516926,0.23990046718097532,0.2105069495268536,0.0001645466063593108,0.03263764794831567
854a37fb-ae93-4c66-b38d-b8ec51d1cc37,2.72,False,0.14852888386999194,0.15925658767105072,0.20553394101207753,0.17839322467018592,0.0004688101132177352,0.05700505714208559
4738c09b-d555-4e9d-812c-70830d9e98bb,5.08,True,0.8819640020087325,0.8860155894840669,0.5931547144698422,0.595198426826487,0.021000500375618434,0.29286087501422464
6b7e379f-d47a-4d9f-b150-e369c3c52d82,2.2,True,0.9320653502585136,0.8934090240972509,0.556483267091751,0.5324480613933665,0.03416497898443181,0.399617288865147
d2c154b9-d79b-42cb-81d9-058a39bce1de,4.68,False,0.5184169820413416,0.5589041774559703,0.40676372495450147,0.3723523908692393,0.00591080961778101,0.186551786586731
6b411923-eca9-4b83-997a-2fe1bf02a4fa,2.92,False,0.44988567153509124,0.4478486102405127,0.38589457781047276,0.38143913986474426,0.0010657692631069584,0.06844653167034698
b02ee2bf-f515-4f8b-b56c-5e157bcc988f,2.816,True,0.7665938465402846,0.9619588257860172,0.7896115534819456,0.748753961935596,0.007240299403646571,0.21320486385042126
c9a3df28-702c-4529-a12d-5062b3296afe,4.56,False,0.9033218271278157,0.90037547549877,0.758998203490748,0.7384058696509659,0.005917562051878399,0.16491595747684984
438426b0-c829-4c52-aa87-2da48c7a3ef4,3.52,True,0.9097347986407776,0.8436559778040605,0.6549083670091895,0.6125007291597986,0.01553173938662566,0.29723406948097897
089a755e-d90a-4db1-b7b8-f3dfd6c4249a,4.114,False,0.6160486108778772,0.6132951614674861,0.5777771666723966,0.5883011213191394,0.0002649494825405579,0.038271444205480565
2f0ce32b-f3c7-4c25-a9e6-9fcd6aa75b91,3.2045625,True,0.6078517701802246,0.6058608114149233,0.16728632193342421,0.1445135421975401,0.0509057297969398,0.46333822798268454
021e013a-96ee-457a-b659-ab7f772d6763,4.2,False,0.5938782633965554,0.6024419820583775,0.5196090695808242,0.503076280457155,0.0019276511058443464,0.09936570160122249
911a7412-6297-4afa-95a1-fd7ee0244f2b,5.28,False,0.6015997105418259,0.6009419759594082,0.6439074672784458,0.6336241536758823,0.0003647405360086553,0.042965491319037596
0d4b6291-d690-4a4e-9ea5-9ebc1cb4e450,3.4,False,0.47987093554728993,0.19386593920290127,0.21027794172738598,0.19445609034659267,0.014778806699876409,0.2860049963443887
5e81fdba-dbf1-4929-a36b-4a0dd03ee148,3.052,False,0.8311338917894049,0.8243153764242843,0.5273894550833819,0.5003406369507366,0.024724226598242097,0.3307932548386683
01215b4d-87da-4813-a0a0-91cfdec369bf,4.96,True,0.3915971965203621,0.3894945598754678,0.4339607641792321,0.40872844080130594,0.00031727675749769577,0.044466204303764245
d4d2c591-142e-4a64-b944-3cc0b4362b2d,4.12,True,0.6999855799328334,0.6471525854773912,0.47503907002737067,0.4960238827325431,0.009243496306548525,0.22494650990546272
a6451523-e577-4f4a-a9f5-6352680eb974,5.6,False,0.8690291380204422,0.8679187822597069,0.4160421023546089,0.4653332773853795,0.04605412986112524,0.4529870356658333
0cd6280d-00ee-4c6d-b342-7c2aaee4110e,5.32,False,0.1791490801562022,0.16598662617713136,0.14775671795018838,0.16834162869165925,0.00012732160923898083,0.031392362206013824
cfdddec6-529b-4625-bc00-2df04a5b4d06,4.16,True,0.8543213772564735,0.8560266341125987,0.6442965131778642,0.6344056978630029,0.011657473074878301,0.22162093624959578
1c811c76-faf9-4cd9-a82e-88cfb625c85c,4.2,False,0.6645358363724853,0.679442029544232,0.3333523738847834,0.3150151198547805,0.030311918052556657,0.3644269096894516
b37a0e6d-b58f-4a2b-b274-b185d9a3eaf4,3.04,False,0.9750587050761149,0.7393016635103579,0.5867714227047283,0.5633404316131849,0.026914823364813566,0.41171827346293
50224697-3e22-47e2-bdec-548ccb47b740,3.96,True,0.9370607198726469,0.7676064592021687,0.657964347510327,0.6310283813366179,0.014479114627401365,0.30603233853602907
cbb771b1-ac7d-41ea-9f20-c972e1048e91,5.32,False,0.5723792499373613,0.5715195771778545,0.2832550107019048,0.25374167842990775,0.02312960979543296,0.3186375715074536
cd94ebb2-f294-4f68-9884-8a64c677d781,4.15825,True,0.6888661572101308,0.6858361417583463,0.7278135299467225,0.6989366911021092,0.0002746932389671449,0.04197738818837626
c1f644d8-315a-48d3-b3d8-3a8f24499cf9,4.52,True,0.7018062225047903,0.6982014761244839,0.509068303632517,0.5329051203975176,0.008084432365482052,0.19273791887227332
9dd6e487-9024-42af-83f0-5397bd612d28,3.475,False,0.9314567568032003,0.9262991129512946,0.49917960467890415,0.47599863042680063,0.04875444993106331,0.45545812637639965
1b43b532-6633-40bc-879c-ede69a664fef,3.6,False,0.2575271211408746,0.22156759455877895,0.3046042612126934,0.28139061443286933,0.0009432228808821706,0.08303666665391446
33b2a6cf-13a9-4182-9072-c3afd7fda7bb,5.5466875,True,0.5649097855564977,0.5641667274450207,0.46031923495937577,0.44741659795676986,0.0030828598134132164,0.11749318759972788
f79a9224-4be3-45ed-9e26-bc12c38003ee,4.52,False,0.281455176570177,0.13723528175517574,0.15775102281391612,0.15294704734064654,0.0033317042740266373,0.14421989481500125
ed3a74cf-f6e1-481a-8be3-1511075cb467,4.4063125,True,0.4913932306429662,0.4909751818517857,0.6028180885183744,0.6261160818457816,0.0038675384668415656,0.13514089999399592
887d9ba1-f3ee-4ed6-86f4-3f8be288cd66,5.32,True,0.5948186306000164,0.5111397732838252,0.4658281462595549,0.4296132988304816,0.0038090451632438573,0.16520533176953478
9b200ad8-54cd-4841-8112-f2dd8baa307f,4.96,True,0.08954979168335185,0.09120908491904738,0.1113517677693539,0.11805958083779118,0.00015390994078617656,0.02850978915443933
01c372d8-6dd7-4fd0-bd55-07c7782f2480,5.7,True,0.6519439944007701,0.6448843965928076,0.5963999363870732,0.5809242389653132,0.0009287454887385292,0.07101975543545691
126c68f7-9133-47c6-9c23-f7aa2968dc7f,3.550125,True,0.8976133812582519,0.9012816803089627,0.49433066308786333,0.45018393440581167,0.045868172345813814,0.45109774590315105
b533c268-56bd-465f-9d0f-1c1ef5082544,3.16,False,0.6307874118573918,0.5305331036677523,0.2943027886397257,0.2742547273758595,0.02326710473310096,0.35653268448153236
b8b7f6ba-c753-4295-b671-7b4f8b52fab0,3.48,False,0.5301489517745214,0.5304741309501029,0.38755589995401174,0.37005576251898137,0.005776790119149561,0.1604183684311215
539c1859-915d-40d1-a0ef-25c181ee6b17,4.08,False,0.6804776125785774,0.667460473305473,0.5913676387560858,0.531742766199353,0.003624789299766352,0.1487348463792244
9380d4de-34bf-4198-8c7c-36140e3d41e3,2.76,False,0.9469734693820755,0.9411595857378937,0.6146743172871671,0.5670216663591126,0.03147890554495755,0.37995180302296294
779a26b5-3829-457e-9bb5-0aa06d33041c,4.64,True,0.9492026678407735,0.9331339720668853,0.7078582657885989,0.6840131124163721,0.015138110098970224,0.26518955542440137
209c5678-8b12-4985-ae0f-59602ed5d8b0,0.84,True,0.011736205080831147,0.01500527009386763,0.23917885620069285,0.2002675098287131,0.01083593039127969,0.2274426511198617
7f3cd23a-c2cf-484c-85b8-c7157bd603aa,5.88,False,0.042213759425143764,0.046539349184305634,0.04603732773818479,0.05328853753776714,1.5897795260832753e-05,0.011074778112623376
8673b947-30da-42fb-9fa2-e1ef8b4b64b4,3.9116875,True,0.6243921869576943,0.6226405608378234,0.8312533860512408,0.7873873106353688,0.008871691825747123,0.2086128252134174
3a0fae48-efa8-4c66-ae46-3b86f376461f,4.28,False,0.5779447663700041,0.5765502074215373,0.3332998484658169,0.33031154034593,0.015061777722673463,0.24763322602407412
24d5d997-92fd-48bd-b987-95843fa4bfac,5.24,True,0.5790063069045887,0.5780691887237589,0.5524454671228599,0.5221772930858553,0.0005395334173886494,0.0568290138187334
adb2487d-fea7-45a5-b5fc-66075bbd90f8,4.84,True,0.9157037865382563,0.9035752296909457,0.5551719086200914,0.5367231750240866,0.03312889379424028,0.37898061151416973
dd25a6c4-339c-4261-b554-dd7ee4058910,4.0106875,True,0.9234474811517067,0.920387303248769,0.6716870506943347,0.6515341913160125,0.016991841586239894,0.2719132898356942
937c29b8-8c28-413a-8f60-e1bb93ae3967,4.08,False,0.4888723138655295,0.545843211623348,0.37798131001921215,0.37789678634002505,0.005265105784674719,0.167946425283323
2f6bbc59-a6b4-46c3-82c0-a8a050afc256,3.56,False,0.5653247519494872,0.3273057287165019,0.2633245914480887,0.23906624746038788,0.016673126459165733,0.3262585044890993
0f79a5cc-34d2-47c1-b415-e634b559b045,5.4,True,0.8010879128570483,0.7998127293107449,0.5048979716533731,0.5005027936788952,0.02216637441725834,0.3005851191781531
2db6393f-32ed-4a4b-b4b7-9e58e3a6a6ce,4.84,True,0.8498554190887643,0.8469772778498613,0.5342961291372637,0.5130769327336321,0.026419680848020176,0.3367784863551322
1f7181f2-b8a5-4bc2-8f02-265cd288ce52,5.72,False,0.6558455817505886,0.3573915832604512,0.3206953656620647,0.3153527740803558,0.020029889111388182,0.3404928076702328
bd660d93-13f5-4af2-b600-01eedba9fd13,5.32,False,0.40429711353439085,0.26583382104548514,0.13301823092716514,0.13507305949933457,0.012499280427851997,0.2712788826072257
b2cd6107-9e62-44f2-8f04-86b79c675b0c,3.32,False,0.8207009877100443,0.8138797984323869,0.4782221995232509,0.45243085127412247,0.03105860632021004,0.3682701364359218
6153f93e-5481-4b24-9c94-a0f656e3ba61,3.32,True,0.8465404387277277,0.7883126771711582,0.6047760663349449,0.5999756905829311,0.011988388165238124,0.24656474814479656
ec82afc3-bdef-4762-91bf-c451d4c9d8da,3.64,False,0.8645836047461039,0.8576745124249882,0.04811254438036848,0.040704263658868804,0.16677098417114297,0.823879341087235
bb25de6c-6398-4778-bf8d-64ee42a56c06,4.88,True,0.8478972304068296,0.7990094866255821,0.6750065385989884,0.6789375084539145,0.005664878377097817,0.17289069180784122
3df04282-99ee-418a-b068-08a2bfc65eb9,3.0,True,0.9271361012552369,0.927577591785848,0.6791519677021556,0.6508352047994623,0.017308874331737976,0.27674238698638565
be9baa6b-3f0c-4e82-b064-c98b04acbda6,4.6,False,0.3809135548032636,0.3802463475741983,0.33945276484300596,0.3279559697232368,0.0005659077745620185,0.05295758508002679
dfd27717-3259-4947-8b20-64f1c07ac9ac,2.42,True,0.44279668517331405,0.46051750710922634,0.36501510251934804,0.30552840724754593,0.003867973720480561,0.1549890998616804
9afbc43b-4e68-403b-bd4c-1405b337ac44,5.64,False,0.46107903084646107,0.45400952642349685,0.42705163214257963,0.4119915045190981,0.000396029791820873,0.04908752632736296
1130c184-a85c-4bf5-adf5-1b1cf396f050,3.72,True,0.6508112935452913,0.6489823843018628,0.35419052030776466,0.335979820986767,0.023269410089194566,0.31483147255852434
6db86e24-6068-4088-974d-d13af6419921,5.36,False,0.6543610766146443,0.6522548461364118,0.4547347570069469,0.4476145195242806,0.010221361826443879,0.20674655709036366
63677e5c-d3ba-48e0-a365-a6fa5bd57a1f,5.4,False,0.859990715049182,0.536333330796922,0.47804783985682203,0.4738619757474762,0.025440453482508174,0.3861287393017058
079bfafa-aeb5-4e23-b012-20785f7698b4,4.64,True,0.6908363042853991,0.68909787782343,0.8328206757975103,0.8024008602373717,0.004189275480319926,0.14372279797408027
685dd87b-f38e-4076-bf23-b44ecf41ae33,5.68,False,0.37537775562486736,0.42393437486041624,0.4124611956469405,0.44123582090589114,0.0005830727808336508,0.06585806528102378
a2c96887-d9f4-4a1c-926a-f0a993fb6ba6,5.36,False,0.7795158475778032,0.7370274793537708,0.3709557367074214,0.36793964719342087,0.038022814985032696,0.41157620038438236
2544f13b-a6f6-42d8-9e34-cc6d9f65b662,5.4,True,0.5959961524185541,0.5954398918507661,0.5302726265193284,0.5105036060566929,0.00146753912820019,0.08549254636186121
7a6ce3d8-2754-41c0-bcad-ba1a7a32bb76,3.0,False,0.18827891507387612,0.19262530482020832,0.3365693197241962,0.31980165889601886,0.0047801266418769925,0.14829040465032006
0fd08900-633c-4e81-a024-534b775ee7c2,5.72,True,0.5322541560334086,0.5308059508613553,0.43604333220249264,0.4236845110632643,0.002603355309302474,0.10856964497014432
60822bf9-4ee6-48d2-88c2-fee2788089ea,4.64,True,0.6973809202125325,0.5093551502988495,0.40756972394028845,0.3562467890385613,0.01700957512762091,0.34113413117397123
91269ec8-3d51-4323-a197-40a16b5c0cd1,5.64,False,0.4248830170434362,0.26954667532192006,0.209455357229085,0.2001594421723355,0.008096944340399375,0.22472357487110067
b3bc4dfc-e0b8-4c85-9c9c-c6c06d15ac5b,2.44,True,0.8782702450988012,0.8671974766838867,0.5591908175230457,0.5128562366917219,0.028627149666874574,0.3654140084070794
af33a82a-cf02-4c93-92ad-2d7b289ee5a6,4.52,False,0.8237883164508506,0.8216302577668896,0.5430435741895866,0.4832072605063893,0.024408673310590386,0.3405810559444613
025c123b-6818-473b-b83a-55c7b336fce7,2.68,True,0.7936543754790335,0.7827376879914756,0.27916702996171383,0.2372345592460858,0.07045842611623247,0.5564198162329477
32eb6b0b-ccca-4714-b139-53460756f05d,4.68,True,0.7937913509550782,0.7175753981338828,0.6499088728064312,0.6238306133920029,0.004340288139118842,0.1699607375630754
d7200cdc-27a2-40eb-917c-146688916606,5.48,False,0.5647522037156835,0.5642226324987418,0.3403290935695494,0.32593787318914347,0.01340708423723035,0.23881433052654
5490ea00-a656-478a-a6e5-a780daa36013,2.68,False,0.9297002969096514,0.9214320052895532,0.7700799787235206,0.7325582644217867,0.0077750372860483155,0.19714203248786466
1c941442-6860-43ea-9315-3471fc202b86,4.12,False,0.8102690187564934,0.8059114930021927,0.4005037325734666,0.38900903523206504,0.0427301119429961,0.42125998352442834
507f3fb1-351a-47d7-9ffa-ee70a92beca0,3.395,False,0.45907179958486344,0.4596116021791725,0.46347215583756035,0.49041209857326423,0.00016820023937178628,0.031340298988400794
edce6e09-a985-41e1-a6c7-37872f7eb059,4.2,True,0.6515613626863636,0.6478064321555812,0.6123680047195242,0.5836740494163268,0.000771943365058043,0.06788731327003672
740eb6af-3991-4e18-b8db-91fb183a5c86,5.84,False,0.6963668201845071,0.5100828492716887,0.5168957876996779,0.4808153064738315,0.007223676918757414,0.2155515137106756
ae0e1c27-df46-4dfe-a1a1-da909da57e75,2.88,True,0.8081466768369081,0.7964680621319786,0.5573870676431691,0.5213126688474808,0.017466380900717306,0.28683400798942726
1ef93cf8-35d1-4084-8c46-315827745339,3.4,False,0.8392330452996293,0.5164677023671791,0.40223051981871083,0.39115260310985406,0.032800092797817565,0.4480804421897752
b23e36b6-9ff0-431b-a1f4-f71376e87de3,3.9216875,True,0.9657592820087842,0.9629592662557223,0.8617132193065626,0.8396190989554293,0.0032935298799607483,0.12614018305335495
ba63820b-fdc1-4ccf-b20c-984451e01ad7,4.36,True,0.8304786141569224,0.8282135504397637,0.5590083108495892,0.5319345634116012,0.02023846833152603,0.2985440507453212
ac23a235-6c62-4d21-8ed9-617798eada5a,5.88,True,0.5647577815579118,0.5626189750364503,0.7860564709139911,0.7654235638608812,0.011295260828565764,0.2234374958775408
59460cec-7fca-4754-8125-7e3d2c2389b3,3.035,False,0.3398652402744084,0.3430415327031678,0.3331172709027995,0.30783217111427136,0.00019120423944668868,0.035209361588896426
0998be16-e1b6-4498-80dd-7c9d4b9a69cf,3.64,True,0.6262725169144571,0.5783164575823002,0.5941275583256047,0.5660071963940508,0.0005098284012282955,0.06026532052040623
5f83f885-c998-4c00-be90-e5c137c409f1,4.76,False,0.46463434232493234,0.1808681555523358,0.1737869051468084,0.1587782931240034,0.016214172991600218,0.3058560492009289
cb99b285-307a-4048-9f9b-27b584db8cc1,5.8,False,0.6240861734406055,0.3701068771666601,0.3540957613081624,0.3435632898989021,0.013572827786241828,0.28052288354170335
3f54ecf9-42d2-44e7-8006-0dbc9573a70d,3.68,False,0.697991929985379,0.47921015552464674,0.3808343627490991,0.354693704376609,0.01826084601427615,0.34329822560876994
5f52ef70-3cc9-4e0f-9687-b90b38df1494,4.96,False,0.46236357384994914,0.4580235095314121,0.3541213423598203,0.3569002435908709,0.002742939275942115,0.10824223149012885
b2060578-41ca-4bdf-858c-c82c3f27f01f,4.8,False,0.5317176730002712,0.5296239680017027,0.34662741936348374,0.3540472084385723,0.008137473009476839,0.18509025363678744
5adfcd53-9d0f-4e66-9b76-818c9b77c2a4,5.04,False,0.5439870138935587,0.4192978147516534,0.37909952073576275,0.30840539928237687,0.007321541773986755,0.23558161461118188
0a9ede36-b511-449b-b7fd-d69e1f46a142,5.72,False,0.2203325159946908,0.22048525889609974,0.449696824434775,0.4182121291397935,0.01152434335287014,0.22936430844008418
00b4e3ae-9502-4c2b-b491-c6ff16145b12,4.0,False,0.8312969006306107,0.8526225752283205,0.6547555877493544,0.632047338935798,0.009977653221883867,0.22057523629252251
f293d8e9-aa8d-462d-b5b3-47891844ba0e,3.32,False,0.6569709378267533,0.3674933008656089,0.03061099551599213,0.026593933071152365,0.06895109069798809,0.630377004755601
12ba8485-2d62-4174-ae2e-a8debec5e7a8,4.36,False,0.35762083252135196,0.3638674524753741,0.3146725733641911,0.2925393023328578,0.0008823063510762649,0.07132815014251631
2820fa04-7566-4bb8-85eb-e35759e17738,4.76,False,0.39429969265019693,0.29716757649212744,0.41552128538143357,0.39605312965976786,0.0021283150405668498,0.11835370888930613
28dc92ee-6023-4f34-ab0d-f99249ea5825,4.12,False,0.4239100870118485,0.12467958852757519,0.151448325799848,0.13709410590662455,0.015444652420555862,0.2992304984842733
b112abe9-dc1f-4756-8287-834ee463aa4f,4.32,False,0.38103660974785264,0.37938988159801484,0.17367866947634508,0.156534310801844,0.011604809162568641,0.22450229894600865
e1659853-c0b7-4f30-8f0d-c13f8c6bc73d,3.72,True,0.956747323600656,0.9542924431058006,0.5093619462537164,0.4344547045697343,0.05917217490552023,0.5222926190309216
724ba705-f36a-48d8-9914-838261183dd5,4.4,True,0.8289892494360115,0.8298361700698818,0.249080682938614,0.2473115470182027,0.08445366339988558,0.5825246230516791
b297337f-9d9d-4fd9-b886-6406fb5437ee,4.64,True,0.7766063988680346,0.7732135657808601,0.6309969549297094,0.6354614793844797,0.005022290216472225,0.1456094439383252
800cc89b-5560-4508-9fab-334ebc011d89,5.36,True,0.4376012113292291,0.5689155334841243,0.45348822286439616,0.4442991405402775,0.0029048662034645116,0.1313143221548952
642c8d33-1739-4e8f-8e44-3ef9b9d2324d,5.92,True,0.9531471629395257,0.950243486482069,0.41211070230156394,0.38974501020540847,0.07589978301770753,0.5634021527341173
fbcc77d1-afb7-4ebf-a7fa-d5ed1b92e812,3.011625,True,0.9979565939468265,0.9972764039531578,0.9442746884704184,0.9428921100547178,0.0007301907381456553,0.05506448389210861
9221d251-c3aa-472c-88a7-3057fa88106e,5.8,False,0.8101492779468539,0.7532529986455885,0.7219512829104516,0.6985525112363387,0.0017493346571025047,0.11159676671051522
6f73a4d1-2ad3-4739-804f-47ea61bacf2c,3.4,True,0.8134545024418183,0.8078505721751936,0.6202152615111532,0.5947339792839206,0.010405403952367295,0.2187205231578977
9f2e9b11-35aa-4659-9267-2bb26e4162cb,5.195,True,0.9545496135033799,0.9530410544199002,0.9065161003818226,0.8750541331615164,0.001116588259066811,0.07949548034186349
ba946969-ebb5-467d-ab6c-1bdd04e8d82d,3.08,True,0.8411402144099843,0.35182806304453296,0.3844962808410318,0.3655336731169551,0.04223539264706776,0.48931215136545136
c4fc8954-648a-4ecd-b2a5-2f5a92cb74c4,5.52,True,0.589269984442992,0.7611034801265285,0.6877059177822825,0.684740973384427,0.0037223949018721373,0.17183349568353656
6715617a-3737-402d-9b4d-7f5fed45331f,2.08,True,0.9957814389932788,0.9933036834819762,0.6533601800294937,0.7045699232053039,0.025225863278089657,0.34242125896378506
7a7a44bc-bc6c-4057-9db8-44d2b69ca8ba,5.48,True,0.6566760764939998,0.6550770338543954,0.42478852081941004,0.45118823774703815,0.011956252047176725,0.2318875556745898
0e7d324a-8e42-4973-afd1-44eb6bdee83f,4.52,True,0.7667394827730981,0.7613866987831003,0.5422876448203088,0.5124133572625091,0.014123353204153867,0.254326125510589
099bfb99-8e8f-4f7b-bc75-3e1aaee59ef7,5.32,True,0.8842154467262059,0.8984525568278384,0.8121923315539021,0.8003258504791047,0.0018523736948706244,0.09812670634873377
cc4db105-b1ea-433d-beb1-91f3017880cc,2.08,False,0.8967036960040681,0.8864016175318887,0.3773392645831372,0.3570165445538829,0.06880711340734277,0.5396871514501852
e797b479-c51f-4e1c-a35a-e93bba21755c,3.28,True,0.875118593747103,0.7265839220680094,0.503592176513892,0.4981671645687512,0.025257235737432257,0.3769514291783518
318b58fb-8cb0-4e3c-a98d-6cfbbbc37dd3,5.36,True,0.7708027404250509,0.7694430810896715,0.2744474743672114,0.2656101752414372,0.0625335170174692,0.5051925651836138
2b651c8e-0021-4e46-89b1-2094c7853aee,4.88,True,0.8688097773612493,0.8558167268810765,0.44233062948454926,0.40385146811243594,0.04843521912549047,0.4649583092488134
bd72f61d-ee38-4b3f-be6c-65eadafe4cd6,3.4,True,0.9852479477597667,0.7948244289129661,0.5435044272888492,0.5144312473684183,0.03723088431494625,0.4708167003913484
adf9f688-52d1-4d41-8925-ed842712f6bb,3.08,True,0.9766450851033814,0.9743253564953525,0.8271964754174885,0.833456888956857,0.0052733220728193204,0.1494486096858929
d1866301-6a62-4f43-b513-d061703811e7,5.52,True,0.598358159916125,0.6967337685374428,0.5964393391535338,0.579052979100298,0.0021415099084349846,0.11768078943714488
8005b44e-5e86-447e-a84a-ae4b71541f98,4.24,True,0.8296447104600712,0.8778882196077792,0.6427780141683325,0.6071785022111834,0.013535356076051386,0.2707097173965958
a921cc90-f861-452a-9ce5-6fda7e78d29d,5.64,True,0.4656341004000844,0.5659670340776871,0.6603180788983815,0.5992767708037173,0.004972913245644719,0.19468397849829705
e482eef0-8626-485b-95fc-fd09cbb87fe4,3.92,False,0.23649266650217385,0.2389833030831216,0.24427565087673997,0.22333466564348134,5.945779777349578e-05,0.02094098523325863
